Date,Open,High,Low,Close,Volume,Dividends,Stock Splits
2021-01-04 00:00:00-05:00,130.10134048912553,130.18903254892197,123.5144223383572,126.09657287597656,143301900,0.0,0.0
2021-01-05 00:00:00-05:00,125.58988695133853,128.36692121346996,125.1416582953915,127.65560150146484,97664900,0.0,0.0
2021-01-06 00:00:00-05:00,124.44986969207119,127.69461045301895,123.14417506694097,123.3585433959961,155088000,0.0,0.0
2021-01-07 00:00:00-05:00,125.07349552064068,128.25977522443756,124.58629742572825,127.56794738769531,109578200,0.0,0.0
2021-01-08 00:00:00-05:00,129.0392514479538,129.23414253685505,126.89558328296363,128.6689910888672,105158200,0.0,0.0
2021-01-11 00:00:00-05:00,125.88218854713082,126.8370922131897,125.20985310487029,125.67755889892578,100384500,0.0,0.0
2021-01-12 00:00:00-05:00,125.20989073972784,126.36942440251761,123.61188183396051,125.50221252441406,91951100,0.0,0.0
2021-01-13 00:00:00-05:00,125.4632504946733,128.08437867528625,125.20017422332937,127.5387191772461,88636800,0.0,0.0
2021-01-14 00:00:00-05:00,127.451013562091,127.64588980955337,125.46323718090288,125.60940551757812,90221800,0.0,0.0
2021-01-15 00:00:00-05:00,125.48270567821912,126.8858381851589,123.74828212605794,123.88469696044922,111598500,0.0,0.0
2021-01-19 00:00:00-05:00,124.50831458189415,125.4145105561259,123.68982554382202,124.55703735351562,90757300,0.0,0.0
2021-01-20 00:00:00-05:00,125.36578090905975,129.0977190154373,125.25859676461178,128.6494903564453,104319500,0.0,0.0
2021-01-21 00:00:00-05:00,130.37416729095122,136.09386615455463,130.16953762113462,133.3655548095703,120150900,0.0,0.0
2021-01-22 00:00:00-05:00,132.7906739013892,136.26927444924834,131.56294040290453,135.50924682617188,114459400,0.0,0.0
2021-01-25 00:00:00-05:00,139.40683420534555,141.37510329816405,133.04401504155618,139.2606658935547,157611700,0.0,0.0
2021-01-26 00:00:00-05:00,139.92327397986588,140.60534821810342,137.75036015705467,139.49453735351562,98390600,0.0,0.0
2021-01-27 00:00:00-05:00,139.75758597887605,140.60532045654497,136.81492129375977,138.42266845703125,140843800,0.0,0.0
2021-01-28 00:00:00-05:00,135.94771521998626,138.35447419549072,133.19991174456135,133.57992553710938,142621100,0.0,0.0
2021-01-29 00:00:00-05:00,132.3522064767238,133.2389103783543,126.8761058794983,128.581298828125,177523800,0.0,0.0
2021-02-01 00:00:00-05:00,130.32544580541983,131.91371580928939,127.57764235343213,130.70545959472656,106239800,0.0,0.0
2021-02-02 00:00:00-05:00,132.25476545115475,132.81991691760996,131.16344668453948,131.53372192382812,83305400,0.0,0.0
2021-02-03 00:00:00-05:00,132.28399787741546,132.29375135316877,130.18905238870838,130.51060485839844,89880900,0.0,0.0
2021-02-04 00:00:00-05:00,132.8101805826387,133.8820072844467,131.14395684543172,133.8722686767578,84183100,0.0,0.0
2021-02-05 00:00:00-05:00,134.033283551068,134.1015854508509,132.57925865202728,133.45751953125,75693800,0.205,0.0
2021-02-08 00:00:00-05:00,132.74511227281954,133.6526621426791,131.6619162354287,133.60386657714844,71297200,0.0,0.0
2021-02-09 00:00:00-05:00,133.32091738610043,134.55050063798447,132.56952194364052,132.72564697265625,76774200,0.0,0.0
2021-02-10 00:00:00-05:00,133.18424984227164,133.68194379137316,131.15447630613667,132.12057495117188,73046600,0.0,0.0
2021-02-11 00:00:00-05:00,132.61826227921486,133.09643505279266,130.53970793560018,131.8668670654297,64280000,0.0,0.0
2021-02-12 00:00:00-05:00,131.10571594692075,132.25721410503192,130.46165008374714,132.10107421875,60145100,0.0,0.0
2021-02-16 00:00:00-05:00,132.21817131917496,132.7256035555492,129.58335943579118,129.9737091064453,80576300,0.0,0.0
2021-02-17 00:00:00-05:00,128.08058387844284,129.02716157528442,126.3435683892599,127.68048095703125,97918500,0.0,0.0
2021-02-18 00:00:00-05:00,126.08008757945029,126.86077223279327,124.33331888275549,126.5777816772461,96856700,0.0,0.0
2021-02-19 00:00:00-05:00,127.09496971320031,127.55362134396646,125.6897404521568,126.73389434814453,87668800,0.0,0.0
2021-02-22 00:00:00-05:00,124.91880883902334,126.58752230648321,122.5670093965397,122.95735168457031,103916400,0.0,0.0
2021-02-23 00:00:00-05:00,120.77144442573531,123.65020481957035,115.53111655663116,122.82073211669922,158273000,0.0,0.0
2021-02-24 00:00:00-05:00,121.92294838417055,122.52797184498519,119.2783904200208,122.32304382324219,111039900,0.0,0.0
2021-02-25 00:00:00-05:00,121.66921718039119,123.40623239958438,117.62919084390654,118.06832122802734,148199500,0.0,0.0
2021-02-26 00:00:00-05:00,119.62969515081251,121.83512279314837,118.27326144324365,118.33181762695312,164560400,0.0,0.0
2021-03-01 00:00:00-05:00,120.76168897682948,124.84075076896436,119.82487191939815,124.70413208007812,116307900,0.0,0.0
2021-03-02 00:00:00-05:00,125.30915619930848,125.61166793035277,121.99125798161717,122.09860229492188,102260900,0.0,0.0
2021-03-03 00:00:00-05:00,121.79608068156783,122.67434893414126,118.89779917065528,119.11248779296875,112966300,0.0,0.0
2021-03-04 00:00:00-05:00,118.80998607618001,120.61531086428089,115.75557186593713,117.2291030883789,178155000,0.0,0.0
2021-03-05 00:00:00-05:00,118.05856814664855,118.99538509316949,114.7309095373517,118.4879379272461,153766600,0.0,0.0
2021-03-08 00:00:00-05:00,118.0097916939266,118.0781010413507,113.40376871001352,113.5501480102539,154376600,0.0,0.0
2021-03-09 00:00:00-05:00,116.15566368258474,119.1124940848032,115.92146128458052,118.1659164428711,129525800,0.0,0.0
2021-03-10 00:00:00-05:00,118.75141606508726,119.21982079190859,116.56550252272466,117.08271026611328,111943300,0.0,0.0
2021-03-11 00:00:00-05:00,119.58089611241735,120.23471511713066,118.33180683620104,119.01490020751953,103026500,0.0,0.0
2021-03-12 00:00:00-05:00,117.49259196824357,118.24399479427487,116.28253747320228,118.10737609863281,88105100,0.0,0.0
2021-03-15 00:00:00-04:00,118.47818777651618,121.00564073101157,117.51208899403603,120.99588012695312,92403800,0.0,0.0
2021-03-16 00:00:00-04:00,122.6646007020175,124.1478999993401,121.7082698545493,122.5377426147461,115227900,0.0,0.0
2021-03-17 00:00:00-04:00,121.05444515870833,122.82073491932013,119.38573166517871,121.74729919433594,111932600,0.0,0.0
2021-03-18 00:00:00-04:00,119.91270439580465,120.20546300637888,117.41452538083813,117.61945343017578,121229700,0.0,0.0
2021-03-19 00:00:00-04:00,117.00466041109058,118.49771283246503,116.78997177230154,117.09248352050781,185549500,0.0,0.0
2021-03-22 00:00:00-04:00,117.42427276940472,120.87878973760397,117.35596342731434,120.4103775024414,111912300,0.0,0.0
2021-03-23 00:00:00-04:00,120.35182605450146,121.23984748167706,119.19055981995824,119.58090209960938,95467100,0.0,0.0
2021-03-24 00:00:00-04:00,119.8541661293497,119.93223609168243,117.17057259674361,117.1900863647461,88530500,0.0,0.0
2021-03-25 00:00:00-04:00,116.65335360086424,118.72216260318802,116.12639260654137,117.67799377441406,98844700,0.0,0.0
2021-03-26 00:00:00-04:00,117.44378670396847,118.5465042288051,116.04831804624526,118.28302001953125,94071200,0.0,0.0
2021-03-29 00:00:00-04:00,118.71239516993987,119.61993781154605,117.81461313280423,118.45867156982422,80819200,0.0,0.0
2021-03-30 00:00:00-04:00,117.20957431035725,117.49257225961915,115.98975941448322,117.00464630126953,85671900,0.0,0.0
2021-03-31 00:00:00-04:00,118.71238380882367,120.53722207670454,118.22445786422938,119.20030975341797,118323800,0.0,0.0
2021-04-01 00:00:00-04:00,120.6738663324064,121.18130611520114,119.53211379208796,120.02980041503906,75089100,0.0,0.0
2021-04-05 00:00:00-04:00,120.87879330428332,123.11349534026344,120.09810870436394,122.85977172851562,88651200,0.0,0.0
2021-04-06 00:00:00-04:00,123.44527518865387,124.0600592543952,122.6158024965763,123.16227722167969,80171300,0.0,0.0
2021-04-07 00:00:00-04:00,122.79145672607788,124.830983795515,122.11811647580448,124.81147003173828,83466700,0.0,0.0
2021-04-08 00:00:00-04:00,125.83611176390906,127.24134101901195,125.41650255345681,127.21206665039062,88844600,0.0,0.0
2021-04-09 00:00:00-04:00,126.66559142580684,129.82734234724018,126.34355848189794,129.78831481933594,106686700,0.0,0.0
2021-04-12 00:00:00-04:00,129.31992075985053,129.64195373047176,127.4755609392533,128.07083129882812,91420000,0.0,0.0
2021-04-13 00:00:00-04:00,129.24182587765023,131.4082182509909,128.74413188709045,131.1837615966797,91266500,0.0,0.0
2021-04-14 00:00:00-04:00,131.68148427288168,131.74003301621525,128.48069058786155,128.8417510986328,87222800,0.0,0.0
2021-04-15 00:00:00-04:00,130.58853344102718,131.74003175643296,130.41287232238494,131.25210571289062,89347100,0.0,0.0
2021-04-16 00:00:00-04:00,131.05693729907884,131.41799780371278,130.06156400836352,130.92031860351562,84922400,0.0,0.0
2021-04-19 00:00:00-04:00,130.28602285828597,132.1986997366617,130.1201297698555,131.5839080810547,94264200,0.0,0.0
2021-04-20 00:00:00-04:00,131.7595258175455,132.25720491889302,128.6270347117328,129.89564514160156,94812300,0.0,0.0
2021-04-21 00:00:00-04:00,129.16380466316036,130.5202386977521,128.1294036585496,130.27627563476562,68847100,0.0,0.0
2021-04-22 00:00:00-04:00,129.82733444067082,130.91053068046259,128.2367059174283,128.75390625,84566500,0.0,0.0
2021-04-23 00:00:00-04:00,128.96858764628234,131.85710086380988,128.96858764628234,131.07643127441406,78657500,0.0,0.0
2021-04-26 00:00:00-04:00,131.5741106597469,131.7985524226745,130.33477460387036,131.46676635742188,66905100,0.0,0.0
2021-04-27 00:00:00-04:00,131.74976832594788,132.14011804581892,130.87150751429678,131.14474487304688,66015800,0.0,0.0
2021-04-28 00:00:00-04:00,131.0667075414383,131.7595691601595,129.86641349610298,130.35433959960938,107760100,0.0,0.0
2021-04-29 00:00:00-04:00,133.174532153205,133.7600493468008,129.25160269288304,130.25672912597656,151101000,0.0,0.0
2021-04-30 00:00:00-04:00,128.59778738715457,130.3348029182655,127.90494074098223,128.2855224609375,109839500,0.0,0.0
2021-05-03 00:00:00-04:00,128.85152091022277,130.83251462104226,128.6466002820739,129.33944702148438,75135100,0.0,0.0
2021-05-04 00:00:00-04:00,128.02204534993695,128.31480397164984,123.64046385614857,124.7626953125,137564700,0.0,0.0
2021-05-05 00:00:00-04:00,126.08008114657817,127.29989620196363,124.87978730136861,125.00665283203125,84000900,0.0,0.0
2021-05-06 00:00:00-04:00,124.80172333933865,126.61680882445819,124.0600736654329,126.6070556640625,78128300,0.0,0.0
2021-05-07 00:00:00-04:00,127.90713017156261,128.307897749906,126.56793194976201,127.28152465820312,78973300,0.22,0.0
2021-05-10 00:00:00-04:00,126.49951510362119,126.62658120316634,123.95798429414883,123.99708557128906,88071200,0.0,0.0
2021-05-11 00:00:00-04:00,120.72242271776828,123.43012073939632,120.0088375044798,123.0782241821289,126142800,0.0,0.0
2021-05-12 00:00:00-04:00,120.62467824901435,121.83678798561996,119.50054079091288,120.00884246826172,112172300,0.0,0.0
2021-05-13 00:00:00-04:00,121.77818032002419,123.31287050407127,121.4653774626964,122.15940856933594,105861300,0.0,0.0
2021-05-14 00:00:00-04:00,123.41059429901935,125.01370954120979,123.01958894433238,124.58360290527344,81918000,0.0,0.0
2021-05-17 00:00:00-04:00,123.96777091361953,124.07529756948797,122.35487853339957,123.43013763427734,74244600,0.0,0.0
2021-05-18 00:00:00-04:00,123.71358575170959,124.13391508683775,121.97362023441782,122.04204559326172,63342900,0.0,0.0
2021-05-19 00:00:00-04:00,120.39007750331018,122.11048890947326,120.09682166067931,121.88566589355469,92612000,0.0,0.0
2021-05-20 00:00:00-04:00,122.41351748333902,124.84751404054786,122.28643647584492,124.44673156738281,76857100,0.0,0.0
2021-05-21 00:00:00-04:00,124.94527906751188,125.12123109705438,122.39397836804899,122.6090316772461,79295400,0.0,0.0
2021-05-24 00:00:00-04:00,123.17598087438682,125.06257461018313,123.10755550398203,124.24146270751953,63092900,0.0,0.0
2021-05-25 00:00:00-04:00,124.94527412511385,125.43403637255953,123.47900975619554,124.04596710205078,72009500,0.0,0.0
2021-05-26 00:00:00-04:00,124.10461221897317,124.52494162597304,123.57675616428918,123.99708557128906,56575900,0.0,0.0
2021-05-27 00:00:00-04:00,123.5963093673209,124.76931783925218,122.26689578830224,122.46239471435547,94625600,0.0,0.0
2021-05-28 00:00:00-04:00,122.74587286479516,122.97070334084246,121.74881641359961,121.80746459960938,71311100,0.0,0.0
2021-06-01 00:00:00-04:00,122.2668967957017,122.53082109382872,121.15253650084358,121.4848861694336,67637100,0.0,0.0
2021-06-02 00:00:00-04:00,121.4848886960278,122.42329699238253,121.26006567031901,122.24734497070312,59278900,0.0,0.0
2021-06-03 00:00:00-04:00,121.87589598051592,122.04207082094376,120.36075313288092,120.76153564453125,76229200,0.0,0.0
2021-06-04 00:00:00-04:00,121.27960305680327,123.32260178464209,121.06454977410385,123.05867004394531,75169300,0.0,0.0
2021-06-07 00:00:00-04:00,123.33238286431767,123.47901079400312,122.02252359682196,123.0684585571289,71057600,0.0,0.0
2021-06-08 00:00:00-04:00,123.75270614592999,125.57088194290174,123.37147802234419,123.88955688476562,74403800,0.0,0.0
2021-06-09 00:00:00-04:00,124.34899265629532,124.87684872392028,123.6745086602513,124.27079010009766,56877900,0.0,0.0
2021-06-10 00:00:00-04:00,124.16324184228108,125.30693351867407,123.1075373485563,123.27371215820312,71186400,0.0,0.0
2021-06-11 00:00:00-04:00,123.68428231014268,124.57381958141005,123.26395290484824,124.48583984375,53522400,0.0,0.0
2021-06-14 00:00:00-04:00,124.94527664789969,127.60409649266556,124.21214444863777,127.54544830322266,96906500,0.0,0.0
2021-06-15 00:00:00-04:00,127.01761349970843,127.66277348498704,126.47998017864292,126.72435760498047,62746300,0.0,0.0
2021-06-16 00:00:00-04:00,127.43792318066122,127.94623235462356,125.57089115999193,127.22286987304688,91815000,0.0,0.0
2021-06-17 00:00:00-04:00,126.88072407701245,129.56887494764572,126.73408871652109,128.82595825195312,96721700,0.0,0.0
2021-06-18 00:00:00-04:00,127.7702944686955,128.55229026571763,127.31086373435744,127.52591705322266,108953300,0.0,0.0
2021-06-21 00:00:00-04:00,127.3695047127403,129.43205057912303,126.30402282138007,129.32452392578125,79663300,0.0,0.0
2021-06-22 00:00:00-04:00,129.15833692853147,131.0644774987528,128.65979753012715,130.9667205810547,74783600,0.0,0.0
2021-06-23 00:00:00-04:00,130.76145650954527,131.29908974446735,130.23359300049012,130.69302368164062,60214200,0.0,0.0
2021-06-24 00:00:00-04:00,131.42613383723523,131.6118630068928,129.9403153955842,130.40953063964844,68711000,0.0,0.0
2021-06-25 00:00:00-04:00,130.45840621612638,130.87872808294074,129.8230161804832,130.11627197265625,70783700,0.0,0.0
2021-06-28 00:00:00-04:00,130.40956533844553,132.20817950576375,130.35091714623502,131.74874877929688,62111300,0.0,0.0
2021-06-29 00:00:00-04:00,131.76828191642397,133.4202753370262,131.3284056301101,133.2638702392578,64556100,0.0,0.0
2021-06-30 00:00:00-04:00,133.1074740660687,134.319591281627,132.81421821699357,133.8797149658203,63261400,0.0,0.0
2021-07-01 00:00:00-04:00,133.52780965332033,134.24138744394435,132.70669030063868,134.1827392578125,52485800,0.0,0.0
2021-07-02 00:00:00-04:00,134.7985434022486,136.8513191558301,134.65192295511142,136.81222534179688,78852600,0.0,0.0
2021-07-06 00:00:00-04:00,136.91977180863466,139.9304881404482,136.91977180863466,138.82591247558594,108181800,0.0,0.0
2021-07-07 00:00:00-04:00,140.3117243665474,141.6313683204944,139.45152604310684,141.31857299804688,104911600,0.0,0.0
2021-07-08 00:00:00-04:00,138.39579381995796,140.8200131513889,137.50625661436462,140.01846313476562,105575500,0.0,0.0
2021-07-09 00:00:00-04:00,139.53948199823574,142.3742535997312,139.44172508137947,141.84640502929688,99890800,0.0,0.0
2021-07-12 00:00:00-04:00,142.92171618822078,143.02924286417507,140.7614129406358,141.2501678466797,76299700,0.0,0.0
2021-07-13 00:00:00-04:00,140.79072594190478,144.14359208914843,140.39972801414208,142.36451721191406,100827100,0.0,0.0
2021-07-14 00:00:00-04:00,144.76917436169552,146.20611463354894,144.35860721349817,145.79554748535156,127050800,0.0,0.0
2021-07-15 00:00:00-04:00,145.88354186128097,146.62644380694877,143.7818872173468,145.140625,106820300,0.0,0.0
2021-07-16 00:00:00-04:00,145.12109318169695,146.3918438290554,142.59911642566018,143.09764099121094,93251400,0.0,0.0
2021-07-19 00:00:00-04:00,140.51698106699695,140.82979124521293,138.48375965542388,139.2462158203125,121434600,0.0,0.0
2021-07-20 00:00:00-04:00,140.23354853774924,143.7916832596006,139.74479368631023,142.863037109375,96350000,0.0,0.0
2021-07-21 00:00:00-04:00,142.25699437204696,142.8435061950867,141.3772415531026,142.12991333007812,74993500,0.0,0.0
2021-07-22 00:00:00-04:00,142.65778456728924,144.86695137615578,142.53070351853833,143.49844360351562,77338200,0.0,0.0
2021-07-23 00:00:00-04:00,144.2315621055905,145.375246687613,143.61572620926512,145.21884155273438,71447400,0.0,0.0
2021-07-26 00:00:00-04:00,144.93533686845095,146.46024929276885,144.37814929731337,145.63914489746094,72434100,0.0,0.0
2021-07-27 00:00:00-04:00,145.76619325815656,145.85418043778847,142.27649254477765,143.46905517578125,104818600,0.0,0.0
2021-07-28 00:00:00-04:00,141.55320072369267,143.66462560527077,139.33424916067446,141.71937561035156,118931200,0.0,0.0
2021-07-29 00:00:00-04:00,141.43588594676658,143.25405465053123,141.3283592792896,142.36451721191406,56699500,0.0,0.0
2021-07-30 00:00:00-04:00,141.13284920856503,143.038990058725,140.8689174245079,142.57955932617188,70440600,0.0,0.0
2021-08-02 00:00:00-04:00,143.06829681635188,143.6450238649846,141.98326063074202,142.2471923828125,62880000,0.0,0.0
2021-08-03 00:00:00-04:00,142.53067920795002,144.71052154385873,141.91484335749328,144.0458221435547,64786600,0.0,0.0
2021-08-04 00:00:00-04:00,143.95782973398676,144.46612394001684,142.99008994933277,143.64501953125,56368300,0.0,0.0
2021-08-05 00:00:00-04:00,143.67436091646556,144.51501979299104,142.88258050445233,143.7525634765625,46397700,0.0,0.0
2021-08-06 00:00:00-04:00,143.2728518562968,144.0168667237269,142.56798937643336,143.0672607421875,54126800,0.22,0.0
2021-08-09 00:00:00-04:00,143.1260440970898,143.6155312622221,142.46034872273202,143.0183563232422,48908700,0.0,0.0
2021-08-10 00:00:00-04:00,143.36098526145494,144.60428668695926,142.2449552630066,142.5386505126953,69023100,0.0,0.0
2021-08-11 00:00:00-04:00,142.97914403158916,143.6350547655628,142.47007341046165,142.7931365966797,48493500,0.0,0.0
2021-08-12 00:00:00-04:00,143.1162332344722,145.91609989817144,142.77358630713317,145.75946044921875,72282600,0.0,0.0
2021-08-13 00:00:00-04:00,145.83780119397264,146.29792030536527,145.1525221784822,145.96507263183594,59375000,0.0,0.0
2021-08-16 00:00:00-04:00,145.41682586535111,148.01111654322713,143.3903569726172,147.9425811767578,103296000,0.0,0.0
2021-08-17 00:00:00-04:00,147.0712721415507,148.4907815727172,145.95524228570045,147.03211975097656,92229700,0.0,0.0
2021-08-18 00:00:00-04:00,146.65032719515608,147.5509815993363,143.07706266924538,143.28265380859375,86326000,0.0,0.0
2021-08-19 00:00:00-04:00,141.9806239472667,144.888178453154,141.46176882757268,143.61550903320312,86960300,0.0,0.0
2021-08-20 00:00:00-04:00,144.33995758675238,145.3776678425582,143.69383103345265,145.07418823242188,60549600,0.0,0.0
2021-08-23 00:00:00-04:00,145.1916828126927,147.03215936265545,144.7805153800769,146.562255859375,60131800,0.0,0.0
2021-08-24 00:00:00-04:00,146.30769726540868,147.68805452972137,146.01400200564578,146.47412109375,48606400,0.0,0.0
2021-08-25 00:00:00-04:00,146.66011006790077,147.15939642783155,144.69237747052765,145.2406005859375,58991300,0.0,0.0
2021-08-26 00:00:00-04:00,145.23081728174643,145.98461660195343,144.4084676646739,144.43783569335938,48597200,0.0,0.0
2021-08-27 00:00:00-04:00,144.379079140009,145.62238028371488,143.74275202487664,145.4755401611328,55802400,0.0,0.0
2021-08-30 00:00:00-04:00,145.86714409511154,150.26274327805922,145.48534478526688,149.9005126953125,90956700,0.0,0.0
2021-08-31 00:00:00-04:00,149.45019988712295,149.587255672955,148.10899512080897,148.6376495361328,86453100,0.0,0.0
2021-09-01 00:00:00-04:00,149.61660833919711,151.72139660647437,149.13690566906416,149.30332946777344,80313700,0.0,0.0
2021-09-02 00:00:00-04:00,150.63473278654652,151.46686670695442,149.1956397332981,150.4193572998047,71115500,0.0,0.0
2021-09-03 00:00:00-04:00,150.5270554483364,151.37877309131167,149.87114457990415,151.0557098388672,57808700,0.0,0.0
2021-09-07 00:00:00-04:00,151.71164039348162,153.95348484848995,151.14383353713905,153.39547729492188,82278300,0.0,0.0
2021-09-08 00:00:00-04:00,153.67937088285103,153.7381069467454,150.74244818444078,151.84869384765625,74420200,0.0,0.0
2021-09-09 00:00:00-04:00,152.22072341621455,152.82768271854061,150.71309458803586,150.83058166503906,57305700,0.0,0.0
2021-09-10 00:00:00-04:00,151.74096513145994,152.21086845375513,145.57342614175107,145.83775329589844,140893200,0.0,0.0
2021-09-13 00:00:00-04:00,147.46288779538614,148.23627083685082,145.62241152835927,146.4055938720703,102404300,0.0,0.0
2021-09-14 00:00:00-04:00,147.18878434178126,147.8936469962392,143.8211105344737,145.0056610107422,109296300,0.0,0.0
2021-09-15 00:00:00-04:00,145.4364262730643,146.2979284766344,143.2924700678834,145.89654541015625,83281300,0.0,0.0
2021-09-16 00:00:00-04:00,145.31889761636606,145.83775262228568,144.1245481851662,145.66152954101562,68034100,0.0,0.0
2021-09-17 00:00:00-04:00,145.6909306748569,145.6909306748569,142.69525742327428,142.98895263671875,129868800,0.0,0.0
2021-09-20 00:00:00-04:00,140.776504047189,141.79463072276096,138.29970032094099,139.93458557128906,123478900,0.0,0.0
2021-09-21 00:00:00-04:00,140.90374795912805,141.55967381165956,139.77793361611074,140.4142608642578,75834000,0.0,0.0
2021-09-22 00:00:00-04:00,141.41276811614506,143.35113213556255,140.67853773658257,142.78334045410156,76404300,0.0,0.0
2021-09-23 00:00:00-04:00,143.56654423015996,143.98751085632557,142.57778577756685,143.74276733398438,64838200,0.0,0.0
2021-09-24 00:00:00-04:00,142.59736960568088,144.36931031939181,142.4994662214484,143.83087158203125,53477900,0.0,0.0
2021-09-27 00:00:00-04:00,142.41137995898362,142.89108270101565,140.79607848273122,142.3134765625,74150700,0.0,0.0
2021-09-28 00:00:00-04:00,140.23803011414577,141.70649116246142,138.7108330139708,138.92620849609375,108972300,0.0,0.0
2021-09-29 00:00:00-04:00,139.47444250254287,141.41280705571026,139.04369150451467,139.82687377929688,74602000,0.0,0.0
2021-09-30 00:00:00-04:00,140.63941355200004,141.34427605273183,138.30945056691672,138.5248260498047,89056700,0.0,0.0
2021-10-01 00:00:00-04:00,138.91643462464168,139.91499250291432,136.1851031474959,139.65066528320312,94639600,0.0,0.0
2021-10-04 00:00:00-04:00,138.77940085869702,139.2199512741239,135.36278987889122,136.21449279785156,98322000,0.0,0.0
2021-10-05 00:00:00-04:00,136.55711770997038,139.2492967831214,136.42984628272845,138.14305114746094,80861100,0.0,0.0
2021-10-06 00:00:00-04:00,136.5375396085011,139.16118342378243,135.46066196016233,139.01434326171875,83221100,0.0,0.0
2021-10-07 00:00:00-04:00,140.05203130343006,141.18764483600611,139.71918369704164,140.27719116210938,61732700,0.0,0.0
2021-10-08 00:00:00-04:00,141.00164657806616,141.14848672637,139.5625533728477,139.89540100097656,58773200,0.0,0.0
2021-10-11 00:00:00-04:00,139.27865728167708,141.76524506387435,138.82832259745734,139.8072967529297,64452200,0.0,0.0
2021-10-12 00:00:00-04:00,140.21847431623635,140.2380579834007,138.0745183695577,138.53463745117188,73035900,0.0,0.0
2021-10-13 00:00:00-04:00,138.2703289211617,138.42695344884726,136.27321307906425,137.947265625,78762700,0.0,0.0
2021-10-14 00:00:00-04:00,139.1220034728704,140.8547917318437,138.53461306502766,140.7373046875,69907100,0.0,0.0
2021-10-15 00:00:00-04:00,140.74710694789957,141.85333749485733,140.4925641281013,141.7946014404297,67940300,0.0,0.0
2021-10-18 00:00:00-04:00,140.43381780269812,143.75253907676628,140.14992191440837,143.46864318847656,85589200,0.0,0.0
2021-10-19 00:00:00-04:00,143.91899723333478,146.03358517080088,143.46867744948042,145.6322021484375,76378900,0.0,0.0
2021-10-20 00:00:00-04:00,145.57345046006543,146.60137628639336,145.00564367087514,146.12167358398438,58418800,0.0,0.0
2021-10-21 00:00:00-04:00,145.68112531490897,146.4936755651962,144.76088732210272,146.3370361328125,61421000,0.0,0.0
2021-10-22 00:00:00-04:00,146.54264911827497,147.02233691182352,145.5147232295898,145.5636749267578,58883400,0.0,0.0
2021-10-25 00:00:00-04:00,145.553892389702,146.22938704972722,144.51618201724224,145.51473999023438,50720600,0.0,0.0
2021-10-26 00:00:00-04:00,146.1901890254086,147.66843438585144,145.87691017558996,146.18040466308594,60893400,0.0,0.0
2021-10-27 00:00:00-04:00,146.21957782913032,146.58179347999342,145.36787510933436,145.72030639648438,56094900,0.0,0.0
2021-10-28 00:00:00-04:00,146.669927174846,149.94948190193364,146.57202377608343,149.3621063232422,100077900,0.0,0.0
2021-10-29 00:00:00-04:00,144.12458950466566,146.787400645377,143.33162275650557,146.6503448486328,124953200,0.0,0.0
2021-11-01 00:00:00-04:00,145.85735569869297,146.55241894044252,144.69237413631248,145.82798767089844,74588300,0.0,0.0
2021-11-02 00:00:00-04:00,145.5342868243143,148.3831049138377,145.5244875234558,146.86569213867188,69122000,0.0,0.0
2021-11-03 00:00:00-04:00,147.2279471039886,148.77472831916785,146.66993951040288,148.30482482910156,54511500,0.0,0.0
2021-11-04 00:00:00-04:00,148.39292424372576,149.22504342505385,147.47268602369996,147.7859649658203,60394600,0.0,0.0
2021-11-05 00:00:00-04:00,148.9133844562671,149.21730693838492,147.11924549176268,148.31533813476562,65463900,0.22,0.0
2021-11-08 00:00:00-05:00,148.44281334152436,148.5996814029073,147.2173096615232,147.4918212890625,55020900,0.0,0.0
2021-11-09 00:00:00-05:00,147.25650687845393,148.46239820996468,147.11925107616622,147.85455322265625,56787900,0.0,0.0
2021-11-10 00:00:00-05:00,147.080046521764,147.18789143862284,144.9525740344218,145.0211944580078,65187100,0.0,0.0
2021-11-11 00:00:00-05:00,146.04084921172387,146.50162489581308,144.7859195077794,144.97219848632812,41000000,0.0,0.0
2021-11-12 00:00:00-05:00,145.5211876519379,147.45258246065882,144.5898079376244,147.05062866210938,63804000,0.0,0.0
2021-11-15 00:00:00-05:00,147.42318436184277,148.9036023660625,146.5016032105498,147.06044006347656,59222800,0.0,0.0
2021-11-16 00:00:00-05:00,147.0016078768631,148.52123530858523,146.41336017433824,148.04083251953125,59256200,0.0,0.0
2021-11-17 00:00:00-05:00,148.0408318977374,151.96244333873707,148.03103325464866,150.48204040527344,88807000,0.0,0.0
2021-11-18 00:00:00-05:00,150.6977495476136,155.56053998029552,150.05067998656534,154.77621459960938,137827700,0.0,0.0
2021-11-19 00:00:00-05:00,154.56050917485408,157.86447707717755,153.46246272837266,157.4036865234375,117305600,0.0,0.0
2021-11-22 00:00:00-05:00,158.5115565911854,162.45278100729988,157.84488970355858,157.864501953125,117467900,0.0,0.0
2021-11-23 00:00:00-05:00,157.96250097049108,158.6291826815126,155.94287351139204,158.246826171875,96041900,0.0,0.0
2021-11-24 00:00:00-05:00,157.59976712302952,158.96252656383666,156.5115192990928,158.76644897460938,69463600,0.0,0.0
2021-11-26 00:00:00-05:00,156.44290597018036,157.30565039386215,153.2958059172185,153.7369842529297,76959800,0.0,0.0
2021-11-29 00:00:00-05:00,156.24681646555752,158.03115705077292,155.67818094806347,157.0997772216797,88748200,0.0,0.0
2021-11-30 00:00:00-05:00,156.85465595786593,162.27628247322406,156.78602057829323,162.0605926513672,174048100,0.0,0.0
2021-12-01 00:00:00-05:00,164.1978529983773,166.9625960118038,161.30566779650317,161.5409698486328,152052500,0.0,0.0
2021-12-02 00:00:00-05:00,155.6291840170596,160.98217624012287,154.70760276553068,160.55079650878906,136739200,0.0,0.0
2021-12-03 00:00:00-05:00,160.80569748404918,161.72727865884264,156.58996176944189,158.6684112548828,118023100,0.0,0.0
2021-12-06 00:00:00-05:00,161.0703866988541,164.59004449763117,161.06058805531697,162.08021545410156,107497000,0.0,0.0
2021-12-07 00:00:00-05:00,165.76652602150847,168.21753329951792,165.0410224817036,167.8253631591797,120405400,0.0,0.0
2021-12-08 00:00:00-05:00,168.75675548519916,172.51170037671412,167.3547715631022,171.64894104003906,116998900,0.0,0.0
2021-12-09 00:00:00-05:00,171.48226135181784,173.28619895569602,170.5116571715878,171.1391143798828,108923700,0.0,0.0
2021-12-10 00:00:00-05:00,171.776404959566,176.1097841405235,171.26659124422937,175.9333038330078,115402700,0.0,0.0
2021-12-13 00:00:00-05:00,177.57057822727617,178.56079478498526,172.09012930519359,172.2960205078125,153237000,0.0,0.0
2021-12-14 00:00:00-05:00,171.81561944442183,174.25682821034476,168.83520101609776,170.9136505126953,139380400,0.0,0.0
2021-12-15 00:00:00-05:00,171.67837896188757,175.98234775996642,168.93324742548972,175.78627014160156,131063300,0.0,0.0
2021-12-16 00:00:00-05:00,175.7666178333374,177.59016769208043,167.40378290602789,168.88418579101562,150185800,0.0,0.0
2021-12-17 00:00:00-05:00,166.59985400570397,170.07048857395336,166.36456688905028,167.78614807128906,195432700,0.0,0.0
2021-12-20 00:00:00-05:00,164.98220734461725,167.23713712314685,164.17828470413107,166.42340087890625,107499100,0.0,0.0
2021-12-21 00:00:00-05:00,168.19791539703556,169.80577551895627,165.8057299805719,169.5998992919922,91185900,0.0,0.0
2021-12-22 00:00:00-05:00,169.64891396436306,172.4136573675495,168.77635596770887,172.19796752929688,92135300,0.0,0.0
2021-12-23 00:00:00-05:00,172.4038581227058,173.38426103506748,171.83522263836468,172.82542419433594,68356600,0.0,0.0
2021-12-27 00:00:00-05:00,173.61954034677024,176.88428369318993,173.599943060433,176.79605102539062,74919600,0.0,0.0
2021-12-28 00:00:00-05:00,176.6294195784467,177.77648936801128,175.03135779720262,175.77645874023438,79144300,0.0,0.0
2021-12-29 00:00:00-05:00,175.8156619193921,177.0901887398254,174.6489800212977,175.86468505859375,62348900,0.0,0.0
2021-12-30 00:00:00-05:00,175.95291006404696,177.03135924042923,174.5999492718149,174.70779418945312,59773000,0.0,0.0
2021-12-31 00:00:00-05:00,174.59994765921613,175.71760635907094,173.7862114626908,174.09014892578125,64062300,0.0,0.0
2022-01-03 00:00:00-05:00,174.34505345884557,179.2960912081591,174.22740989529922,178.44313049316406,104487900,0.0,0.0
2022-01-04 00:00:00-05:00,179.05099416209845,179.35491668068815,175.60977025994117,176.17840576171875,99310400,0.0,0.0
2022-01-05 00:00:00-05:00,176.09017287650624,176.639196130045,171.21756906170717,171.49208068847656,94537600,0.0,0.0
2022-01-06 00:00:00-05:00,169.31559735445745,171.86465117218228,168.27637255423144,168.6293182373047,96904000,0.0,0.0
2022-01-07 00:00:00-05:00,169.50188137744055,170.72738518026193,167.67833112045182,168.79598999023438,86709100,0.0,0.0
2022-01-10 00:00:00-05:00,165.76654355936012,169.11952007524562,164.8743732254317,168.8155975341797,106765600,0.0,0.0
2022-01-11 00:00:00-05:00,168.94303442923228,171.74697235390423,167.4724300834058,171.64894104003906,76138300,0.0,0.0
2022-01-12 00:00:00-05:00,172.66855252404713,173.70777719583765,171.39404073246158,172.09011840820312,74805200,0.0,0.0
2022-01-13 00:00:00-05:00,172.33524076743157,173.15877570962883,168.42342735235042,168.8155975341797,84505800,0.0,0.0
2022-01-14 00:00:00-05:00,167.9822217558743,170.37440711806423,167.7371210418755,169.67832946777344,80440800,0.0,0.0
2022-01-18 00:00:00-05:00,168.14887724519528,169.15869092282202,166.09004036060844,166.47239685058594,90956700,0.0,0.0
2022-01-19 00:00:00-05:00,166.6684893743364,167.72732627847407,162.68805608048748,162.9723663330078,94815000,0.0,0.0
2022-01-20 00:00:00-05:00,163.7076835662155,166.35476859042288,160.9625522612085,161.2860870361328,91420500,0.0,0.0
2022-01-21 00:00:00-05:00,161.19783827212862,163.0704113462842,159.1193889725066,159.22723388671875,122848900,0.0,0.0
2022-01-24 00:00:00-05:00,156.88409244537576,159.11941009139656,151.66834129815217,158.45272827148438,162294600,0.0,0.0
2022-01-25 00:00:00-05:00,155.86446306866296,159.5703851718754,153.94288158687402,156.64878845214844,115798400,0.0,0.0
2022-01-26 00:00:00-05:00,160.29589528165266,161.1684533792907,154.727213256224,156.56056213378906,108275300,0.0,0.0
2022-01-27 00:00:00-05:00,159.26644379654334,160.62920319221885,155.17816560951687,156.09974670410156,121954600,0.0,0.0
2022-01-28 00:00:00-05:00,162.4625632621154,167.01163189910224,159.6095873711376,166.9920196533203,179935700,0.0,0.0
2022-01-31 00:00:00-05:00,166.8253561445004,171.57050245050323,166.18808530239932,171.3548126220703,115541600,0.0,0.0
2022-02-01 00:00:00-05:00,170.5999235926481,171.41365989188193,168.93324145579845,171.18817138671875,86213900,0.0,0.0
2022-02-02 00:00:00-05:00,171.32540739423024,172.43326746235797,169.93323706636977,172.39404296875,84914300,0.0,0.0
2022-02-03 00:00:00-05:00,171.06068071470264,172.78619926092313,168.74692944934694,169.5116424560547,89418100,0.0,0.0
2022-02-04 00:00:00-05:00,168.53001022690665,170.90562127726093,167.54835821492657,169.22698974609375,82465400,0.22,0.0
2022-02-07 00:00:00-05:00,169.68835531132382,170.75835233330088,167.8133965069876,168.5103759765625,77251200,0.0,0.0
2022-02-08 00:00:00-05:00,168.57909567441112,172.1326861402394,168.28459707531294,171.62222290039062,74829200,0.0,0.0
2022-02-09 00:00:00-05:00,172.81983276089403,173.40881495712398,171.6909240051843,173.0456085205078,71285000,0.0,0.0
2022-02-10 00:00:00-05:00,170.94488589786454,172.26029603848204,168.40241070544232,168.96194458007812,90865900,0.0,0.0
2022-02-11 00:00:00-05:00,169.16812106483786,169.90436019586866,164.95682484720066,165.5458221435547,98670700,0.0,0.0
2022-02-14 00:00:00-05:00,164.2990832872494,166.46854070339387,163.5039475985097,165.78138732910156,86185500,0.0,0.0
2022-02-15 00:00:00-05:00,167.8330301983069,169.77669680858907,167.1262396166007,169.61962890625,62527400,0.0,0.0
2022-02-16 00:00:00-05:00,168.6969102835062,170.15956224722075,166.9299336029845,169.38406372070312,61177400,0.0,0.0
2022-02-17 00:00:00-05:00,167.8919330456037,168.7557915611827,165.37890643172315,165.78138732910156,69589300,0.0,0.0
2022-02-18 00:00:00-05:00,166.70411337276113,167.4108888776789,163.14071259883033,164.2303466796875,82772700,0.0,0.0
2022-02-22 00:00:00-05:00,161.95293260639133,163.6315640117695,159.17485582320555,161.3050537109375,91162800,0.0,0.0
2022-02-23 00:00:00-05:00,162.50267977205857,163.10148814384206,156.8189207831809,157.133056640625,90009200,0.0,0.0
2022-02-24 00:00:00-05:00,149.7804704881103,159.86204116175165,149.21111050582687,159.75405883789062,141147500,0.0,0.0
2022-02-25 00:00:00-05:00,160.83386973446065,162.09038317154068,157.91836192123637,161.82534790039062,91974200,0.0,0.0
2022-02-28 00:00:00-05:00,160.06819209824778,162.3848916978169,159.44974647016767,162.09039306640625,95056600,0.0,0.0
2022-03-01 00:00:00-05:00,161.67810566233612,163.54325372947446,158.9981994943142,160.20562744140625,83474400,0.0,0.0
2022-03-02 00:00:00-05:00,161.3737539589708,164.28926127709886,159.9601728375973,163.50393676757812,79724800,0.0,0.0
2022-03-03 00:00:00-05:00,165.3789292736247,165.81085859107165,162.51250696008478,163.18002319335938,76678400,0.0,0.0
2022-03-04 00:00:00-05:00,161.47195061166718,162.512499384929,159.12580281837,160.17616271972656,83737200,0.0,0.0
2022-03-07 00:00:00-05:00,160.3626714753167,161.99221739182056,156.121927641353,156.37716674804688,96418800,0.0,0.0
2022-03-08 00:00:00-05:00,155.9059384838015,159.8914422013673,152.94134599790684,154.55125427246094,131148300,0.0,0.0
2022-03-09 00:00:00-05:00,158.51714506516998,160.4117410265014,156.4851334154229,159.96017456054688,91454900,0.0,0.0
2022-03-10 00:00:00-05:00,157.26063347822767,157.4471497383223,153.11806120676204,155.61146545410156,105342000,0.0,0.0
2022-03-11 00:00:00-05:00,156.01394178449013,156.3575259685623,151.665230708696,151.89100646972656,96970100,0.0,0.0
2022-03-14 00:00:00-04:00,148.671187726746,151.29219668682538,147.34596655573256,147.85641479492188,108732100,0.0,0.0
2022-03-15 00:00:00-04:00,148.1312907310734,152.7156190595178,147.6208424416319,152.24441528320312,92964300,0.0,0.0
2022-03-16 00:00:00-04:00,154.16846031293665,157.0643309184818,151.62598505111097,156.66184997558594,102300200,0.0,0.0
2022-03-17 00:00:00-04:00,155.69985807738482,158.04600626691465,154.73784310287434,157.6729736328125,75615400,0.0,0.0
2022-03-18 00:00:00-04:00,157.56494948588247,161.4621089351798,156.8287105215893,160.97128295898438,123511700,0.0,0.0
2022-03-21 00:00:00-04:00,160.50991215775952,163.2978152048177,160.0190861607253,162.34561157226562,95811400,0.0,0.0
2022-03-22 00:00:00-04:00,162.4731929263205,166.31145526950652,161.8842108013452,165.72247314453125,81532000,0.0,0.0
2022-03-23 00:00:00-04:00,164.90773681905242,169.4724129582103,164.57396373096856,167.08700561523438,98062700,0.0,0.0
2022-03-24 00:00:00-04:00,167.92137775453384,170.94486751449384,167.08698259633016,170.87615966796875,90131400,0.0,0.0
2022-03-25 00:00:00-04:00,170.6896371902022,172.0639438588756,169.58036574981767,171.51422119140625,80546200,0.0,0.0
2022-03-28 00:00:00-04:00,169.01102337849983,172.5057021088352,168.84414433562662,172.3780975341797,90371900,0.0,0.0
2022-03-29 00:00:00-04:00,173.4480983503125,175.72552325481462,173.10451415071458,175.67645263671875,100589400,0.0,0.0
2022-03-30 00:00:00-04:00,175.27395758161924,176.31450624555694,173.45789549385026,174.50827026367188,92633200,0.0,0.0
2022-03-31 00:00:00-04:00,174.5770127311391,174.763529034082,171.20012697779308,171.40628051757812,103049300,0.0,0.0
2022-04-01 00:00:00-04:00,170.83689401317795,171.67130419323556,168.78524495629924,171.11175537109375,78751300,0.0,0.0
2022-04-04 00:00:00-04:00,171.36701159217134,175.21508596620356,171.23939202795495,175.16600036621094,76468400,0.0,0.0
2022-04-05 00:00:00-04:00,174.2432251533462,175.0285497272662,171.21973527998745,171.84799194335938,73401800,0.0,0.0
2022-04-06 00:00:00-04:00,169.19753570311426,170.44423791053993,167.00845598396842,168.67726135253906,89058800,0.0,0.0
2022-04-07 00:00:00-04:00,168.01955265843017,170.1791839693951,166.73359099058004,168.9815673828125,77594700,0.0,0.0
2022-04-08 00:00:00-04:00,168.62818685521674,168.62818685521674,166.0955227852114,166.9691925048828,76575500,0.0,0.0
2022-04-11 00:00:00-04:00,165.61452852614607,165.92864940184566,162.46341876782265,162.70883178710938,72246700,0.0,0.0
2022-04-12 00:00:00-04:00,164.93713547261996,166.75318226955355,163.5824512295448,164.583740234375,79265200,0.0,0.0
2022-04-13 00:00:00-04:00,164.31873134170252,167.90175523000033,163.71011188136575,167.27349853515625,70618900,0.0,0.0
2022-04-14 00:00:00-04:00,167.48947048590375,168.12755331525187,162.01185016741871,162.25726318359375,75329400,0.0,0.0
2022-04-18 00:00:00-04:00,160.91238158332047,163.5432165286054,160.56881239721503,162.04129028320312,69023900,0.0,0.0
2022-04-19 00:00:00-04:00,161.99221543879506,164.7408440040976,160.90258113171808,164.3285369873047,67723800,0.0,0.0
2022-04-20 00:00:00-04:00,165.66359329680822,165.7814017275046,163.05241024771163,164.1616668701172,67929800,0.0,0.0
2022-04-21 00:00:00-04:00,165.81085035411152,168.38277391627963,162.86589422198446,163.3665313720703,87227800,0.0,0.0
2022-04-22 00:00:00-04:00,163.40581593701359,164.78993402071836,158.5368149070802,158.8214874267578,84882400,0.0,0.0
2022-04-25 00:00:00-04:00,158.16376241881838,160.17615197605645,155.55257953271186,159.8914794921875,96046400,0.0,0.0
2022-04-26 00:00:00-04:00,159.27305079434743,159.36139588708184,153.84451596249764,153.9230499267578,95623200,0.0,0.0
2022-04-27 00:00:00-04:00,153.04938688433683,156.85818695569935,152.52911245475866,153.69728088378906,88063200,0.0,0.0
2022-04-28 00:00:00-04:00,156.3280759248776,161.5013859909982,156.01394010524191,160.6375274658203,130216800,0.0,0.0
2022-04-29 00:00:00-04:00,158.87053962186658,163.1505424974972,154.36476100370217,154.75741577148438,131747600,0.0,0.0
2022-05-02 00:00:00-04:00,153.8346722144635,155.32677228255127,150.45778736143095,155.06173706054688,123055300,0.0,0.0
2022-05-03 00:00:00-04:00,155.24826451156082,157.76130632227486,153.4518544553603,156.55386352539062,88966500,0.0,0.0
2022-05-04 00:00:00-04:00,156.74038046635485,163.42542850637253,156.33789953237485,162.973876953125,108256500,0.0,0.0
2022-05-05 00:00:00-04:00,160.84373086944848,161.0695066980929,152.1070166553395,153.8936309814453,130525300,0.0,0.0
2022-05-06 00:00:00-04:00,153.3725293282909,156.74455042350417,151.57346504147074,154.62106323242188,116124600,0.23,0.0
2022-05-09 00:00:00-04:00,152.3108102727315,153.19560424531912,148.92897809122042,149.4893341064453,131577900,0.0,0.0
2022-05-10 00:00:00-04:00,152.89083834180113,154.09021465537515,150.3446125608553,151.8979034423828,115366700,0.0,0.0
2022-05-11 00:00:00-04:00,150.9049915404857,152.8220226348079,143.34499314721714,144.02333068847656,142689800,0.0,0.0
2022-05-12 00:00:00-04:00,140.35638928215414,143.72839581595062,136.45350338099348,140.14993286132812,182602000,0.0,0.0
2022-05-13 00:00:00-04:00,142.14559929622243,145.59626984264398,140.69062395231782,144.6230010986328,113990900,0.0,0.0
2022-05-16 00:00:00-04:00,143.08938461134267,145.02608166695018,141.7425351609862,143.0795440673828,86643800,0.0,0.0
2022-05-17 00:00:00-04:00,146.3434146138869,147.23803400578663,144.20026129048028,146.7169952392578,78336300,0.0,0.0
2022-05-18 00:00:00-04:00,144.36741964547258,144.86879239266452,137.53490151723796,138.43936157226562,109742900,0.0,0.0
2022-05-19 00:00:00-04:00,137.5152426451712,139.26514939022877,134.29069437332384,135.02801513671875,136095600,0.0,0.0
2022-05-20 00:00:00-04:00,136.73858804203445,138.32137052821327,130.36814092411527,135.26394653320312,137426100,0.0,0.0
2022-05-23 00:00:00-04:00,135.46055909436765,140.83808619870993,135.32292649026942,140.6906280517578,117726300,0.0,0.0
2022-05-24 00:00:00-04:00,138.4294957252956,139.56988862899178,135.00833201503448,137.9871063232422,104132700,0.0,0.0
2022-05-25 00:00:00-04:00,136.0897458139781,139.39294348204788,136.00127092128338,138.14442443847656,92482700,0.0,0.0
2022-05-26 00:00:00-04:00,135.067317332939,141.89981931591748,134.82154377239428,141.3492889404297,90601500,0.0,0.0
2022-05-27 00:00:00-04:00,142.93209356986327,147.1495619264336,142.80428649817537,147.11024475097656,90978500,0.0,0.0
2022-05-31 00:00:00-04:00,146.54988348979353,148.11299992246586,144.35757226573517,146.32376098632812,103718400,0.0,0.0
2022-06-01 00:00:00-04:00,147.36580755186637,149.17471219422913,145.18333733188115,146.19593811035156,74286600,0.0,0.0
2022-06-02 00:00:00-04:00,145.33083811208033,148.712685042506,144.37723540201858,148.65370178222656,72348100,0.0,0.0
2022-06-03 00:00:00-04:00,144.4165490295479,145.46846714813478,142.01781149904664,142.92225646972656,88570300,0.0,0.0
2022-06-06 00:00:00-04:00,144.54435641942476,146.05833007006927,142.45036072118282,143.66940307617188,71598400,0.0,0.0
2022-06-07 00:00:00-04:00,141.9096470027296,146.48102881439183,141.66387346445043,146.19593811035156,67808200,0.0,0.0
2022-06-08 00:00:00-04:00,146.06816238698744,147.3363475160415,144.96710149969525,145.45864868164062,53950200,0.0,0.0
2022-06-09 00:00:00-04:00,144.5935179486459,145.44880522785593,140.12043568225837,140.22857666015625,69473000,0.0,0.0
2022-06-10 00:00:00-04:00,137.90847835562724,138.38035945755297,134.74291325358388,134.81173706054688,91437900,0.0,0.0
2022-06-13 00:00:00-04:00,130.62376668907845,132.9143787666689,129.21794869771333,129.6505126953125,122207100,0.0,0.0
2022-06-14 00:00:00-04:00,130.87934957569854,131.62649584691928,129.25723497256138,130.51559448242188,84784300,0.0,0.0
2022-06-15 00:00:00-04:00,132.01973022353556,135.01817091312645,129.9257495131237,133.1404571533203,91533000,0.0,0.0
2022-06-16 00:00:00-04:00,129.84712216174927,130.15187905380364,126.85850650886532,127.86126708984375,108123900,0.0,0.0
2022-06-17 00:00:00-04:00,127.87110581235486,130.830214787561,127.61549164782572,129.33590698242188,134520300,0.0,0.0
2022-06-21 00:00:00-04:00,131.16443535080262,134.74289788395257,131.06613492456364,133.57301330566406,81000500,0.0,0.0
2022-06-22 00:00:00-04:00,132.51128316690097,135.43107463782408,131.64617032424826,133.06182861328125,73409200,0.0,0.0
2022-06-23 00:00:00-04:00,134.5069807437755,136.24704700188127,133.33709602733944,135.93246459960938,72433800,0.0,0.0
2022-06-24 00:00:00-04:00,137.53486614834085,139.51089499846822,137.407074108879,139.26512145996094,89116800,0.0,0.0
2022-06-27 00:00:00-04:00,140.28753277978763,141.06418556193336,138.58678409354863,139.26512145996094,70207900,0.0,0.0
2022-06-28 00:00:00-04:00,139.72718457219997,140.99536950005523,134.99850383222812,135.11647033691406,67083400,0.0,0.0
2022-06-29 00:00:00-04:00,135.13616958742787,138.29189436889533,134.35951657209444,136.87623596191406,66242400,0.0,0.0
2022-06-30 00:00:00-04:00,134.9296996947126,136.0307605677301,131.50853555295868,134.40866088867188,98964500,0.0,0.0
2022-07-01 00:00:00-04:00,133.74011176646206,136.68939400036734,133.36654621739518,136.5812530517578,71051600,0.0,0.0
2022-07-05 00:00:00-04:00,135.44091845782265,139.2159973193288,134.61510776869383,139.16683959960938,73353800,0.0,0.0
2022-07-06 00:00:00-04:00,138.96039485817002,141.68355545577728,138.69495517869038,140.50384521484375,74064300,0.0,0.0
2022-07-07 00:00:00-04:00,140.86760326134686,144.07250090814313,140.85777771671903,143.87588500976562,66253700,0.0,0.0
2022-07-08 00:00:00-04:00,142.80424710112618,145.05554104632404,142.54864802909546,144.5541534423828,64547800,0.0,0.0
2022-07-11 00:00:00-04:00,143.20734636825597,144.1609490492264,141.34929872199137,142.42086791992188,63141600,0.0,0.0
2022-07-12 00:00:00-04:00,143.29580384328963,145.94032961653699,142.59781536832085,143.3941192626953,77588800,0.0,0.0
2022-07-13 00:00:00-04:00,140.57267474752288,143.97417299746286,139.71737241231898,143.03041076660156,71185600,0.0,0.0
2022-07-14 00:00:00-04:00,141.64425310609462,146.43191837704046,140.82828289550088,145.9600372314453,78140700,0.0,0.0
2022-07-15 00:00:00-04:00,147.2478347414801,148.30957818143008,145.69454424604356,147.63124084472656,76259900,0.0,0.0
2022-07-18 00:00:00-04:00,148.19166459198905,149.0076347954927,144.21995456531678,144.58370971679688,81420900,0.0,0.0
2022-07-19 00:00:00-04:00,145.41928800129,148.67332730777346,144.42636828869274,148.4472198486328,82982400,0.0,0.0
2022-07-20 00:00:00-04:00,148.56518922635394,151.12124012126654,147.8278685836861,150.45272827148438,64823400,0.0,0.0
2022-07-21 00:00:00-04:00,151.88808810670997,152.9400063380094,149.37136878805202,152.72372436523438,65086600,0.0,0.0
2022-07-22 00:00:00-04:00,152.76302623024424,153.63797957756256,150.8165036712,151.48500061035156,66675400,0.0,0.0
2022-07-25 00:00:00-04:00,151.4063199200849,152.4189056629446,149.70557129384864,150.36424255371094,53623900,0.0,0.0
2022-07-26 00:00:00-04:00,149.68592491978026,150.50189494637155,148.25061571701698,149.03709411621094,55138700,0.0,0.0
2022-07-27 00:00:00-04:00,150.00055450326258,154.67025318814936,149.58765663017232,154.13937377929688,78620700,0.0,0.0
2022-07-28 00:00:00-04:00,154.3261100889187,154.97495580550648,151.79956601189164,154.6898651123047,81378700,0.0,0.0
2022-07-29 00:00:00-04:00,158.51416085291524,160.86375608227763,156.80357104125676,159.76268005371094,101786900,0.0,0.0
2022-08-01 00:00:00-04:00,158.2880547550996,160.8244406009168,158.1700882044026,158.77960205078125,67829400,0.0,0.0
2022-08-02 00:00:00-04:00,157.39339100369006,159.66433625726012,156.93133551910432,157.30490112304688,59907000,0.0,0.0
2022-08-03 00:00:00-04:00,158.12086501458683,163.77365657473987,158.03239013819157,163.32144165039062,82507500,0.0,0.0
2022-08-04 00:00:00-04:00,163.2034670413035,164.36352602829535,161.65017636428277,163.00685119628906,55474100,0.0,0.0
2022-08-05 00:00:00-04:00,160.673712879285,163.27268651132164,160.46696968304354,162.78045654296875,56697000,0.23,0.0
2022-08-08 00:00:00-04:00,163.78455083623797,165.2021751674924,161.64827515043405,162.307861328125,60276900,0.0,0.0
2022-08-09 00:00:00-04:00,161.47109366714804,163.24312423537512,160.71305544763848,162.3571014404297,63135500,0.0,0.0
2022-08-10 00:00:00-04:00,165.07420029596264,166.70840705276348,164.30632290838892,166.60997009277344,70170500,0.0,0.0
2022-08-11 00:00:00-04:00,167.4172679985858,168.3328236251765,165.57633257470778,165.87167358398438,57149200,0.0,0.0
2022-08-12 00:00:00-04:00,167.18100008673593,169.49447201390402,166.7675136783622,169.42556762695312,68039400,0.0,0.0
2022-08-15 00:00:00-04:00,168.8545350064583,170.69546987184845,168.68717865702857,170.4985809326172,54091700,0.0,0.0
2022-08-16 00:00:00-04:00,170.09496475942944,171.01052019393777,168.99237457923107,170.34107971191406,56377100,0.0,0.0
2022-08-17 00:00:00-04:00,170.08517142289824,173.4126362628194,169.88828241216356,171.83750915527344,79542000,0.0,0.0
2022-08-18 00:00:00-04:00,171.049901871482,172.18202470973497,170.42968734841074,171.4436798095703,62290100,0.0,0.0
2022-08-19 00:00:00-04:00,170.34108214913311,171.04005523372263,168.6478100500787,168.85455322265625,70346300,0.0,0.0
2022-08-22 00:00:00-04:00,167.05299243394208,167.22034880392278,164.54261684090196,164.9659423828125,69026800,0.0,0.0
2022-08-23 00:00:00-04:00,164.4835626089626,166.0882370598649,164.06023703885776,164.6312255859375,54147100,0.0,0.0
2022-08-24 00:00:00-04:00,164.71984652905635,165.4975632823113,163.66646716905697,164.92657470703125,53841500,0.0,0.0
2022-08-25 00:00:00-04:00,166.15713573322356,167.49600175790545,165.73382519932846,167.38771057128906,51218200,0.0,0.0
2022-08-26 00:00:00-04:00,167.91935609131087,168.39189270404452,161.01828160287462,161.0773468017578,78961000,0.0,0.0
2022-08-29 00:00:00-04:00,158.645710009374,160.36851486839709,157.33639153558275,158.8721466064453,73314000,0.0,0.0
2022-08-30 00:00:00-04:00,159.61048321715364,160.0337937500244,155.26901159376436,156.44052124023438,77906200,0.0,0.0
2022-08-31 00:00:00-04:00,157.81875651310324,158.084564879281,154.69802058402368,154.7767791748047,87991100,0.0,0.0
2022-09-01 00:00:00-04:00,154.20580050146393,155.95813794862076,152.2664132669702,155.5052947998047,74229900,0.0,0.0
2022-09-02 00:00:00-04:00,157.26749264334606,157.86801387339864,152.56177481637718,153.3887176513672,76957800,0.0,0.0
2022-09-06 00:00:00-04:00,154.0384095074989,154.64876971078968,151.301612760168,152.12855529785156,73714800,0.0,0.0
2022-09-07 00:00:00-04:00,152.4141083835251,154.23535041800068,151.22290514293917,153.53639221191406,87449600,0.0,0.0
2022-09-08 00:00:00-04:00,152.23687268905203,153.93014485598613,150.30732474708108,152.05967712402344,84923800,0.0,0.0
2022-09-09 00:00:00-04:00,153.05398588476703,155.36747271934937,152.34517353637017,154.92445373535156,68028800,0.0,0.0
2022-09-12 00:00:00-04:00,157.10996654198559,161.70739290272505,156.82447975379577,160.89028930664062,104956000,0.0,0.0
2022-09-13 00:00:00-04:00,157.41513500718563,158.0451887543499,150.98661293916587,151.44931030273438,122656600,0.0,0.0
2022-09-14 00:00:00-04:00,152.38451533184278,154.65862993133453,151.22286005828988,152.8964385986328,87965400,0.0,0.0
2022-09-15 00:00:00-04:00,152.24670339235885,152.82754609590185,149.02753063381346,150.00213623046875,90481100,0.0,0.0
2022-09-16 00:00:00-04:00,148.8601620780663,148.9979858391176,146.06428503412624,148.3580780029297,162278800,0.0,0.0
2022-09-19 00:00:00-04:00,146.98970508767258,152.15811955641868,146.78297692105565,152.07936096191406,81474200,0.0,0.0
2022-09-20 00:00:00-04:00,151.01612178316293,155.62340128977206,150.70110246996018,154.46173095703125,107689800,0.0,0.0
2022-09-21 00:00:00-04:00,154.89491678247586,156.2731696529989,151.21304637695786,151.3311767578125,101696800,0.0,0.0
2022-09-22 00:00:00-04:00,150.01198791697018,152.06950527712038,148.56483082094806,150.36639404296875,86652500,0.0,0.0
2022-09-23 00:00:00-04:00,148.84049957750184,149.1161471568303,146.2513651484526,148.09230041503906,96029900,0.0,0.0
2022-09-26 00:00:00-04:00,147.33425102063256,151.38038122778957,147.31455761940225,148.427001953125,93339400,0.0,0.0
2022-09-27 00:00:00-04:00,150.3664080888261,152.315634453065,147.619756600354,149.40162658691406,84442700,0.0,0.0
2022-09-28 00:00:00-04:00,145.34568076864423,148.2990609102626,142.58918963213347,147.51148986816406,146691400,0.0,0.0
2022-09-29 00:00:00-04:00,143.82960922766318,144.439969608928,138.4938229117654,140.26585388183594,128138200,0.0,0.0
2022-09-30 00:00:00-04:00,139.0844911492741,140.8762153477741,135.85546393289223,136.05235290527344,124925300,0.0,0.0
2022-10-03 00:00:00-04:00,136.06221241134372,140.84668823250414,135.55028904590418,140.23631286621094,114311700,0.0,0.0
2022-10-04 00:00:00-04:00,142.77622574271777,143.9477354899333,142.01818737304887,143.82960510253906,87830100,0.0,0.0
2022-10-05 00:00:00-04:00,141.83113033653302,145.08968986509632,140.7875903322469,144.12490844726562,79471000,0.0,0.0
2022-10-06 00:00:00-04:00,143.54409774342406,145.24720918960443,142.9632699990137,143.1699981689453,68402200,0.0,0.0
2022-10-07 00:00:00-04:00,140.32488726950297,140.87619735207727,137.28291022305208,137.9129638671875,85925600,0.0,0.0
2022-10-10 00:00:00-04:00,138.23785400390625,139.68501122355408,136.41661224606074,138.23785400390625,74899000,0.0,0.0
2022-10-11 00:00:00-04:00,137.7259221748937,139.15340092464973,136.07203689531147,136.82022094726562,77033700,0.0,0.0
2022-10-12 00:00:00-04:00,136.96793266354493,138.17881432870348,136.0130052056416,136.19020080566406,70433700,0.0,0.0
2022-10-13 00:00:00-04:00,132.89224973345455,141.35859601492572,132.28187436958524,140.76792907714844,113224000,0.0,0.0
2022-10-14 00:00:00-04:00,142.06742450695816,142.2741677227646,136.04253393109235,136.22958374023438,88598000,0.0,0.0
2022-10-17 00:00:00-04:00,138.87777246163483,140.67932095242676,138.09020149670755,140.1969451904297,85250900,0.0,0.0
2022-10-18 00:00:00-04:00,143.22907894720203,144.42026703642762,138.4249097380949,141.51611328125,99136600,0.0,0.0
2022-10-19 00:00:00-04:00,139.488128680181,142.69746261645687,139.30107889163025,141.62440490722656,61758300,0.0,0.0
2022-10-20 00:00:00-04:00,140.7974520498777,143.6228470143876,140.43319169039492,141.1616973876953,64522000,0.0,0.0
2022-10-21 00:00:00-04:00,140.6497821885837,145.5524033439164,140.43319980718348,144.98141479492188,86548600,0.0,0.0
2022-10-24 00:00:00-04:00,144.90265893368223,147.89541049964913,143.73114921809554,147.12753295898438,75981900,0.0,0.0
2022-10-25 00:00:00-04:00,147.75759083673032,150.12030373846804,147.03893927663933,149.97262573242188,74732300,0.0,0.0
2022-10-26 00:00:00-04:00,148.6140950432804,149.6280876881736,145.73945849202812,147.02911376953125,88194300,0.0,0.0
2022-10-27 00:00:00-04:00,145.76897734753766,146.73374379544853,141.8902031311427,142.54978942871094,109180200,0.0,0.0
2022-10-28 00:00:00-04:00,145.8969719952182,155.05245318778273,145.52288740226115,153.31980895996094,164762400,0.0,0.0
2022-10-31 00:00:00-04:00,150.77989669615485,151.84311529516543,149.55916089247586,150.95709228515625,97943200,0.0,0.0
2022-11-01 00:00:00-04:00,152.67003329657965,153.0342786292701,146.81250027183614,148.30886840820312,80379300,0.0,0.0
2022-11-02 00:00:00-04:00,146.63526416809174,149.80522549265257,142.74665149380002,142.77618408203125,93604600,0.0,0.0
2022-11-03 00:00:00-04:00,139.85237716768756,140.58088293366475,136.59381715822644,136.7218017578125,97918500,0.0,0.0
2022-11-04 00:00:00-04:00,140.11394767074316,140.68588340372804,132.51117923439392,136.45555114746094,140814800,0.23,0.0
2022-11-07 00:00:00-05:00,135.2032111952328,137.21483428526327,133.78323487446542,136.988037109375,83374600,0.0,0.0
2022-11-08 00:00:00-05:00,138.4573305983891,139.4631346891898,135.57794065978277,137.5599822998047,89908500,0.0,0.0
2022-11-09 00:00:00-05:00,136.57386087993447,136.623168532168,132.71823419264956,132.9943389892578,74917800,0.0,0.0
2022-11-10 00:00:00-05:00,139.27576104009148,144.82745361328125,137.55995404597397,144.82745361328125,118854000,0.0,0.0
2022-11-11 00:00:00-05:00,143.79210256196848,147.9238199974,142.36225553469492,147.61813354492188,93979700,0.0,0.0
2022-11-14 00:00:00-05:00,146.89824089020306,148.19002000915992,145.37964960100956,146.21783447265625,73374100,0.0,0.0
2022-11-15 00:00:00-05:00,150.1030594439155,151.45400187502815,146.49395589081533,147.953369140625,89868300,0.0,0.0
2022-11-16 00:00:00-05:00,147.05604720027458,147.7857463571914,145.24162472759372,146.72076416015625,64218300,0.0,0.0
2022-11-17 00:00:00-05:00,144.3935698429272,149.3733417806034,144.1174650466656,148.62391662597656,80389400,0.0,0.0
2022-11-18 00:00:00-05:00,150.19183908207188,150.57641479286625,147.88438481730566,149.18601989746094,74829600,0.0,0.0
2022-11-21 00:00:00-05:00,148.07172328326632,148.27879437989566,145.66565404043791,145.9516143798828,58724100,0.0,0.0
2022-11-22 00:00:00-05:00,146.06996722268715,148.32811366985848,144.8866435342383,148.09144592285156,51804100,0.0,0.0
2022-11-23 00:00:00-05:00,147.3715896104273,149.71849566611712,147.26311878314957,148.9690704345703,58301400,0.0,0.0
2022-11-25 00:00:00-05:00,146.24744752036312,146.80952774156987,145.0739944661959,146.05023193359375,35195900,0.0,0.0
2022-11-28 00:00:00-05:00,143.12152865000314,144.6006680593858,141.38601049309779,142.21432495117188,69246000,0.0,0.0
2022-11-29 00:00:00-05:00,142.2833621487803,142.79613475713955,138.39816810033238,139.20675659179688,83763800,0.0,0.0
2022-11-30 00:00:00-05:00,139.4335572359168,146.6517658940868,138.59538713539368,145.9713592529297,111380900,0.0,0.0
2022-12-01 00:00:00-05:00,146.14883626075934,147.05603992895004,144.57108159207246,146.2474365234375,71250400,0.0,0.0
2022-12-02 00:00:00-05:00,143.9301165589326,145.9417393182281,143.62441514150157,145.75437927246094,65447400,0.0,0.0
2022-12-05 00:00:00-05:00,145.7149657221435,148.82115263004172,143.7427797370437,144.5908203125,68826400,0.0,0.0
2022-12-06 00:00:00-05:00,145.0246809463006,145.2514780860589,139.94629380127552,140.9225311279297,64727200,0.0,0.0
2022-12-07 00:00:00-05:00,140.21256620226913,141.37614872094412,138.05302012289312,138.97994995117188,69721100,0.0,0.0
2022-12-08 00:00:00-05:00,140.38022307533845,141.52409475387847,139.1377511085993,140.6661834716797,62128300,0.0,0.0
2022-12-09 00:00:00-05:00,140.36044235847584,143.54553286380045,138.94046635121737,140.18295288085938,76097000,0.0,0.0
2022-12-12 00:00:00-05:00,140.71547582717935,142.4904463340837,139.09828382013,142.4805908203125,70462700,0.0,0.0
2022-12-13 00:00:00-05:00,147.42093000886766,147.8843950059336,142.2340853129527,143.4469757080078,93886200,0.0,0.0
2022-12-14 00:00:00-05:00,143.32862218685506,144.6204015969479,139.19689014923398,141.2183837890625,82291200,0.0,0.0
2022-12-15 00:00:00-05:00,139.14758934094417,139.8279959453362,134.13823489702543,134.60169982910156,98931900,0.0,0.0
2022-12-16 00:00:00-05:00,134.78904899571134,135.7356898104224,131.8702072160859,132.6393585205078,160156900,0.0,0.0
2022-12-19 00:00:00-05:00,133.23102933615738,133.31977409731115,129.49374338835526,130.5291290283203,79592600,0.0,0.0
2022-12-20 00:00:00-05:00,129.56275008486864,131.39688354522443,128.0836106828586,130.46009826660156,77432800,0.0,0.0
2022-12-21 00:00:00-05:00,131.13063344213398,134.9073711645486,130.90383628158227,133.5662841796875,85928000,0.0,0.0
2022-12-22 00:00:00-05:00,132.48157930219233,132.68865037286486,128.4879002839557,130.39105224609375,77852100,0.0,0.0
2022-12-23 00:00:00-05:00,129.09929998620072,130.57843955760072,127.8371020889996,130.02622985839844,63814900,0.0,0.0
2022-12-27 00:00:00-05:00,129.55291134024313,129.58249292838534,126.92990018333715,128.2216796875,69007800,0.0,0.0
2022-12-28 00:00:00-05:00,127.86666981780208,129.20775681904706,124.1195211570346,124.28715515136719,85438400,0.0,0.0
2022-12-29 00:00:00-05:00,126.2100144549332,128.66538340269742,125.95363574555239,127.80748748779297,75703700,0.0,0.0
2022-12-30 00:00:00-05:00,126.62419645842127,128.14277294659772,125.657822079017,128.123046875,77034200,0.0,0.0
2023-01-03 00:00:00-05:00,128.46817802573926,129.07955079083166,122.44314998227297,123.33063507080078,112117500,0.0,0.0
2023-01-04 00:00:00-05:00,125.1253349737568,126.87072372434358,123.34050912530462,124.60270690917969,89113600,0.0,0.0
2023-01-05 00:00:00-05:00,125.36200610905166,125.99310505602139,123.02497040718632,123.2813491821289,80962700,0.0,0.0
2023-01-06 00:00:00-05:00,124.257571392045,128.4780403774463,123.15314460938177,127.8173599243164,87754700,0.0,0.0
2023-01-09 00:00:00-05:00,128.6555533163335,131.55466910779157,128.08361757784448,128.33999633789062,70790800,0.0,0.0
2023-01-10 00:00:00-05:00,128.44846138243565,129.43455432577363,126.33822308555574,128.91192626953125,63896200,0.0,0.0
2023-01-11 00:00:00-05:00,129.4247214433815,131.65328646822576,128.64571450243,131.63357543945312,69458900,0.0,0.0
2023-01-12 00:00:00-05:00,132.01815247276784,132.39285762882386,129.6120828388038,131.5546875,71379600,0.0,0.0
2023-01-13 00:00:00-05:00,130.19384999657817,133.04365799858422,129.82900042275443,132.88587951660156,57809700,0.0,0.0
2023-01-17 00:00:00-05:00,132.95489015736672,135.38066994863155,132.26462822678656,134.04945373535156,63646600,0.0,0.0
2023-01-18 00:00:00-05:00,134.91726132660978,136.682361304903,133.15214630173037,133.32965087890625,69672800,0.0,0.0
2023-01-19 00:00:00-05:00,132.21534095915428,134.35516079708475,131.90965456039046,133.3887939453125,58280400,0.0,0.0
2023-01-20 00:00:00-05:00,133.3986295227189,136.10052914550886,132.35337358769686,135.95260620117188,80223600,0.0,0.0
2023-01-23 00:00:00-05:00,136.19914460303502,141.32683964763805,135.9822029643826,139.14756774902344,81760300,0.0,0.0
2023-01-24 00:00:00-05:00,138.35869358432294,141.16906439218428,138.34883807200805,140.54782104492188,66435100,0.0,0.0
2023-01-25 00:00:00-05:00,138.93064978868992,140.44922647148869,136.87957443059517,139.8871612548828,65799300,0.0,0.0
2023-01-26 00:00:00-05:00,141.1788945757265,142.24387653143023,139.9265525935683,141.95791625976562,54105100,0.0,0.0
2023-01-27 00:00:00-05:00,141.16906148730033,145.18245171809102,141.09017225065355,143.90052795410156,70555800,0.0,0.0
2023-01-30 00:00:00-05:00,142.94402483372846,143.52581599866483,140.86336833761902,141.0112762451172,64015300,0.0,0.0
2023-01-31 00:00:00-05:00,140.71545632636276,142.3326481092963,140.301299106578,142.28334045410156,65874500,0.0,0.0
2023-02-01 00:00:00-05:00,141.967828937729,144.571114195543,139.3546881653997,143.4075164794922,77663600,0.0,0.0
2023-02-02 00:00:00-05:00,146.82923768896234,149.07752846410273,146.10939403157928,148.72254943847656,118339000,0.0,0.0
2023-02-03 00:00:00-05:00,145.97135602457382,155.19133225252133,145.7741404197881,152.35137939453125,154357300,0.0,0.0
2023-02-06 00:00:00-05:00,150.4482178700856,150.97084596204795,148.68310295478358,149.61988830566406,69858300,0.0,0.0
2023-02-07 00:00:00-05:00,148.54504029445562,153.07120329051187,148.54504029445562,152.499267578125,83322600,0.0,0.0
2023-02-08 00:00:00-05:00,151.73999993153234,152.4302620416696,149.06768120571854,149.8072509765625,64120100,0.0,0.0
2023-02-09 00:00:00-05:00,151.64138491373802,152.1837390894266,148.32811173185976,148.7718505859375,56007100,0.0,0.0
2023-02-10 00:00:00-05:00,147.60648709847575,149.46316214008027,147.3694580195322,149.1372528076172,57450700,0.23,0.0
2023-02-13 00:00:00-05:00,149.07800220373113,152.3469510828992,149.0483754519819,151.94204711914062,62199000,0.0,0.0
2023-02-14 00:00:00-05:00,150.23348636384839,151.8630330104811,148.98911761787627,151.3000946044922,61707600,0.0,0.0
2023-02-15 00:00:00-05:00,151.21120146838675,153.5715611952289,150.98405804107867,153.40367126464844,65573800,0.0,0.0
2023-02-16 00:00:00-05:00,151.6062554560653,154.39129073768956,151.44825113314346,151.8037872314453,68167900,0.0,0.0
2023-02-17 00:00:00-05:00,150.46065589718617,151.10258897284194,148.97925796607987,150.65817260742188,59144100,0.0,0.0
2023-02-21 00:00:00-05:00,148.33731221810694,149.4236767462983,146.56951728902385,146.63864135742188,58867200,0.0,0.0
2023-02-22 00:00:00-05:00,147.02379633351947,148.0904046122651,145.3350111943411,147.0633087158203,51011300,0.0,0.0
2023-02-23 00:00:00-05:00,148.22864074401951,148.4755403448602,145.41399433616917,147.5471954345703,48394200,0.0,0.0
2023-02-24 00:00:00-05:00,145.2856278870893,145.3646375819345,143.91286646196608,144.89059448242188,55469600,0.0,0.0
2023-02-27 00:00:00-05:00,145.87819927591497,147.32008482695682,145.62141398934327,146.08558654785156,44998500,0.0,0.0
2023-02-28 00:00:00-05:00,145.2263730908277,147.2311969873109,145.0091001993268,145.5819091796875,50547000,0.0,0.0
2023-03-01 00:00:00-05:00,145.0091193355728,145.40415278885536,143.21168246314858,143.50796508789062,55479000,0.0,0.0
2023-03-02 00:00:00-05:00,142.58950014966683,144.89060684866965,142.11544194013547,144.10052490234375,52238100,0.0,0.0
2023-03-03 00:00:00-05:00,146.20407279147852,149.23600736765022,145.50288630750634,149.15699768066406,70732300,0.0,0.0
2023-03-06 00:00:00-05:00,151.88277460629178,154.36165661510182,151.55688034550414,151.9222869873047,87558000,0.0,0.0
2023-03-07 00:00:00-05:00,151.79390348554702,152.11981283549997,149.25578289163562,149.71995544433594,56182000,0.0,0.0
2023-03-08 00:00:00-05:00,150.91492862836495,151.56674727343432,149.9470862905562,150.97418212890625,47204800,0.0,0.0
2023-03-09 00:00:00-05:00,151.65562670311525,152.62346903568368,148.3669218148619,148.7224578857422,53833600,0.0,0.0
2023-03-10 00:00:00-05:00,148.3472018339828,149.06814463866203,145.77943928176788,146.6584014892578,68572400,0.0,0.0
2023-03-13 00:00:00-04:00,145.97692732623966,151.24082897559975,145.86829089184172,148.60394287109375,84457100,0.0,0.0
2023-03-14 00:00:00-04:00,149.4039106364519,151.49761478500946,148.23855155589501,150.69766235351562,73695900,0.0,0.0
2023-03-15 00:00:00-04:00,149.31504702106903,151.34949789320206,148.06079247647403,151.0927276611328,77167900,0.0,0.0
2023-03-16 00:00:00-04:00,150.27298045799404,154.5196567133458,149.75942505583248,153.91722106933594,76161100,0.0,0.0
2023-03-17 00:00:00-04:00,154.14441301203934,154.79623179656093,152.3667322676899,153.0778045654297,98944600,0.0,0.0
2023-03-20 00:00:00-04:00,153.14692183341302,155.86281797805782,152.23831786199295,155.44801330566406,73641400,0.0,0.0
2023-03-21 00:00:00-04:00,155.36901795458434,157.42320976774403,154.59867718770118,157.30470275878906,73938300,0.0,0.0
2023-03-22 00:00:00-04:00,157.32446713632558,160.12924367096628,155.8529397304782,155.87269592285156,75701800,0.0,0.0
2023-03-23 00:00:00-04:00,156.86029458739586,159.54656410725272,155.72454710395584,156.95904541015625,67622100,0.0,0.0
2023-03-24 00:00:00-04:00,156.88991856429575,158.35156031348998,155.89244937558198,158.26268005371094,59196500,0.0,0.0
2023-03-27 00:00:00-04:00,157.95651005912973,158.77621864094067,155.9121738846932,156.3170928955078,52390300,0.0,0.0
2023-03-28 00:00:00-04:00,156.01093927220384,156.52449472162644,154.04561279409856,155.6949005126953,45992200,0.0,0.0
2023-03-29 00:00:00-04:00,157.39356766192319,159.0527409732352,157.37382654206215,158.77621459960938,51305700,0.0,0.0
2023-03-30 00:00:00-04:00,159.5268031814781,160.45514829132492,159.27003296644855,160.3465118408203,49501700,0.0,0.0
2023-03-31 00:00:00-04:00,160.42552675181378,162.95377687892702,159.90210067407045,162.85501098632812,68749800,0.0,0.0
2023-04-03 00:00:00-04:00,162.23280658606208,164.22774466628186,162.18342364813336,164.10923767089844,56976200,0.0,0.0
2023-04-04 00:00:00-04:00,164.53393008377392,164.77094409936112,163.06240276891677,163.57595825195312,46278300,0.0,0.0
2023-04-05 00:00:00-04:00,162.6969833628771,163.0031364887197,159.7934413430479,161.7291259765625,51511700,0.0,0.0
2023-04-06 00:00:00-04:00,160.41561028699388,162.9142482495303,159.99095018347427,162.6179656982422,45390100,0.0,0.0
2023-04-10 00:00:00-04:00,159.41814841731897,160.0205841064453,158.09477004106023,160.0205841064453,47716900,0.0,0.0
2023-04-11 00:00:00-04:00,160.33664331436313,160.34651387560373,158.5194503856298,158.8058624267578,47644200,0.0,0.0
2023-04-12 00:00:00-04:00,159.22065338009935,160.05023261805474,157.7985089324277,158.1145477294922,50133100,0.0,0.0
2023-04-13 00:00:00-04:00,159.62556544083142,163.74384976611952,159.4181631056541,163.50682067871094,68445600,0.0,0.0
2023-04-14 00:00:00-04:00,162.5488571823505,164.2574136863755,161.7884170766324,163.1611785888672,49386500,0.0,0.0
2023-04-17 00:00:00-04:00,163.04264500551295,163.33892759169828,161.99579292794192,163.180908203125,41516200,0.0,0.0
2023-04-18 00:00:00-04:00,164.04012619342146,165.33387789076258,163.5956947875371,164.40553283691406,49923000,0.0,0.0
2023-04-19 00:00:00-04:00,163.74384033117565,166.0745734796078,163.4870550672227,165.5511474609375,47720200,0.0,0.0
2023-04-20 00:00:00-04:00,164.03022972696172,165.78815383509277,163.50680373238094,164.58328247070312,52456400,0.0,0.0
2023-04-21 00:00:00-04:00,163.00313749199609,164.38576938158798,162.45008473615934,162.9735107421875,58337300,0.0,0.0
2023-04-24 00:00:00-04:00,162.95375377005053,163.5463189024918,161.85751882372426,163.2796630859375,41949600,0.0,0.0
2023-04-25 00:00:00-04:00,163.1413863693782,164.24749178401862,161.69948603710247,161.73899841308594,48714100,0.0,0.0
2023-04-26 00:00:00-04:00,161.03781003602157,163.23027992570658,160.78103984940847,161.7291259765625,45498800,0.0,0.0
2023-04-27 00:00:00-04:00,163.14141866066578,166.46962119212645,163.14141866066578,166.3214874267578,64902300,0.0,0.0
2023-04-28 00:00:00-04:00,166.40046934782268,167.7436038513408,165.79803368662212,167.57569885253906,55275900,0.0,0.0
2023-05-01 00:00:00-04:00,167.18066329991268,168.33615167039042,166.5486008988935,167.48681640625,52472900,0.0,0.0
2023-05-02 00:00:00-04:00,167.98062504743248,168.237410301642,165.46224586153255,166.44984436035156,48425700,0.0,0.0
2023-05-03 00:00:00-04:00,167.39796271242133,168.80035091617836,165.08698560494395,165.37338256835938,65136000,0.0,0.0
2023-05-04 00:00:00-04:00,162.84509996082386,164.96843049805557,162.27229107911376,163.7339324951172,81235400,0.0,0.0
2023-05-05 00:00:00-04:00,168.85958887715515,172.13842316096267,168.64231599957478,171.41748046875,113453200,0.0,0.0
2023-05-08 00:00:00-04:00,170.34100335662225,171.69402369424722,169.9755966946327,171.34835815429688,55962800,0.0,0.0
2023-05-09 00:00:00-04:00,170.90392591816433,171.38783954566773,169.47191108630196,169.63980102539062,45326900,0.0,0.0
2023-05-10 00:00:00-04:00,170.87429621552187,171.87176527271458,169.76817565129102,171.4075927734375,53724500,0.0,0.0
2023-05-11 00:00:00-04:00,171.69404177773984,172.42485517869108,170.0348681086098,171.59527587890625,49514700,0.0,0.0
2023-05-12 00:00:00-04:00,171.70405030041803,172.13919719280526,169.1129675562631,170.6656494140625,45533100,0.24,0.0
2023-05-15 00:00:00-04:00,171.24911034897144,171.29856159606754,169.57775779377548,170.171142578125,37266700,0.0,0.0
2023-05-16 00:00:00-04:00,170.0920236008516,171.2293268320526,169.90411791612752,170.171142578125,42110300,0.0,0.0
2023-05-17 00:00:00-04:00,169.81510548834717,171.0216283275313,168.5393327985131,170.78428649902344,57951600,0.0,0.0
2023-05-18 00:00:00-04:00,171.09087517456516,173.30616130301183,170.6755118549318,173.11825561523438,65496700,0.0,0.0
2023-05-19 00:00:00-04:00,174.44347306887536,174.44347306887536,173.00947735219142,173.22705078125,55809500,0.0,0.0
2023-05-22 00:00:00-04:00,172.0600450039918,172.781999977239,171.5358950094103,172.27761840820312,43570900,0.0,0.0
2023-05-23 00:00:00-04:00,171.2194449613945,171.46668610985583,169.3898544266195,169.66676330566406,50747300,0.0,0.0
2023-05-24 00:00:00-04:00,169.2019563309073,170.51728111058472,168.63825433413288,169.9436798095703,45143500,0.0,0.0
2023-05-25 00:00:00-04:00,170.50740757419857,171.98095531956056,169.79535178285977,171.0810089111328,56058300,0.0,0.0
2023-05-26 00:00:00-04:00,171.40736336995897,173.83032378662378,171.1996741500605,173.4940643310547,54835000,0.0,0.0
2023-05-30 00:00:00-04:00,175.00716998790764,177.01476677794446,174.6214744245607,175.34341430664062,55964400,0.0,0.0
2023-05-31 00:00:00-04:00,175.3731100748192,177.37082297149757,174.80939295881248,175.2939910888672,99625300,0.0,0.0
2023-06-01 00:00:00-04:00,175.73899077622127,178.13228308457525,174.97748387661747,178.1026153564453,68901800,0.0,0.0
2023-06-02 00:00:00-04:00,179.03224397161875,179.77396735384346,177.28177256425622,178.953125,61996900,0.0,0.0
2023-06-05 00:00:00-04:00,180.6146272002442,182.9090174472027,176.0752677783844,177.59828186035156,121946500,0.0,0.0
2023-06-06 00:00:00-04:00,177.98396853821802,178.1323071989488,175.47198988688834,177.23236083984375,64848400,0.0,0.0
2023-06-07 00:00:00-04:00,176.47083445864072,179.21027045240393,175.36319900574063,175.85768127441406,61944600,0.0,0.0
2023-06-08 00:00:00-04:00,175.93679801452896,178.84435638126445,175.50166626223591,178.5773468017578,50214900,0.0,0.0
2023-06-09 00:00:00-04:00,179.4970774647442,180.21901740774703,178.63668307937917,178.96304321289062,48900000,0.0,0.0
2023-06-12 00:00:00-04:00,179.26960009694577,181.8606822718443,178.9729077272824,181.76177978515625,54274900,0.0,0.0
2023-06-13 00:00:00-04:00,180.7827428310429,182.11783606754224,180.42671494989577,181.287109375,54929100,0.0,0.0
2023-06-14 00:00:00-04:00,181.34642742806082,182.35517550952275,180.01133431975106,181.92002868652344,57462900,0.0,0.0
2023-06-15 00:00:00-04:00,181.92992539273135,184.46167222814515,181.75190392659053,183.95729064941406,65433200,0.0,0.0
2023-06-16 00:00:00-04:00,184.66935702206612,184.92649747799743,182.2365125370702,182.87933349609375,101256200,0.0,0.0
2023-06-20 00:00:00-04:00,182.37493787924961,184.04629021451652,182.37493787924961,182.9683074951172,49799100,0.0,0.0
2023-06-21 00:00:00-04:00,182.85953033754498,183.36391189129432,180.575024752965,181.92991638183594,49515700,0.0,0.0
2023-06-22 00:00:00-04:00,181.7123668419414,184.98583735805877,181.6431320743364,184.93638610839844,51245300,0.0,0.0
2023-06-23 00:00:00-04:00,183.5023838322858,185.49019723798705,182.96833449974372,184.61990356445312,53117000,0.0,0.0
2023-06-26 00:00:00-04:00,184.76827690390465,185.9748150463911,183.1859273460984,183.22549438476562,48088700,0.0,0.0
2023-06-27 00:00:00-04:00,183.838613722899,186.31102501891434,183.62104032161758,185.9846649169922,50730800,0.0,0.0
2023-06-28 00:00:00-04:00,185.85608917215896,187.80435042269775,185.5297441703453,187.16152954101562,51216800,0.0,0.0
2023-06-29 00:00:00-04:00,186.9934209820816,187.9725013298976,186.85496654717443,187.49778747558594,46347300,0.0,0.0
2023-06-30 00:00:00-04:00,189.51527911897426,192.33381899614628,189.1493519786864,191.82945251464844,85213200,0.0,0.0
2023-07-03 00:00:00-04:00,191.64154594163958,191.7404484310712,189.6438333602496,190.33612060546875,31458200,0.0,0.0
2023-07-05 00:00:00-04:00,189.45595434700246,190.8503829545932,188.51642591121868,189.21859741210938,46920300,0.0,0.0
2023-07-06 00:00:00-04:00,187.74505196417672,189.90100282202306,187.11211517011608,189.6933135986328,45094300,0.0,0.0
2023-07-07 00:00:00-04:00,189.29769958287028,190.5437894270152,188.140612922507,188.57574462890625,46815000,0.0,0.0
2023-07-10 00:00:00-04:00,187.17143117099337,187.89338618022617,184.97592859390042,186.5286102294922,59922200,0.0,0.0
2023-07-11 00:00:00-04:00,187.07253909809666,187.21099353236755,184.54079224834234,186.00445556640625,46638100,0.0,0.0
2023-07-12 00:00:00-04:00,187.58679348705417,189.584506155405,186.39015480100775,187.67581176757812,60750200,0.0,0.0
2023-07-13 00:00:00-04:00,188.39774969290625,189.0801376574393,187.6856939986458,188.4373016357422,41342300,0.0,0.0
2023-07-14 00:00:00-04:00,188.13074770594125,189.07026113812964,187.53737794948708,188.58567810058594,41616200,0.0,0.0
2023-07-17 00:00:00-04:00,189.78231082986184,192.17561856911308,189.6933076328095,191.84925842285156,50520200,0.0,0.0
2023-07-18 00:00:00-04:00,191.21632100425936,192.185502135392,190.296576033276,191.5921173095703,48288200,0.0,0.0
2023-07-19 00:00:00-04:00,190.96907695660155,196.0424552700726,190.52403079875788,192.94700622558594,80507300,0.0,0.0
2023-07-20 00:00:00-04:00,192.9370802265051,194.30185606220206,190.37566579926568,190.99871826171875,59581200,0.0,0.0
2023-07-21 00:00:00-04:00,191.95803606721273,192.8184304455329,189.11969738642375,189.82186889648438,71951700,0.0,0.0
2023-07-24 00:00:00-04:00,191.27564505606543,192.759091941705,190.1284425094743,190.6229248046875,45377800,0.0,0.0
2023-07-25 00:00:00-04:00,191.19652904765346,192.29428036369316,190.79104993758423,191.4833221435547,37283200,0.0,0.0
2023-07-26 00:00:00-04:00,191.53277997466063,193.4810415222525,191.18665140498055,192.35362243652344,47471900,0.0,0.0
2023-07-27 00:00:00-04:00,193.85685736898512,195.02382842734414,190.4251487828704,191.08775329589844,47460200,0.0,0.0
2023-07-28 00:00:00-04:00,192.5217427199515,194.4601200346163,191.99759267326004,193.6689453125,48291400,0.0,0.0
2023-07-31 00:00:00-04:00,193.8963936498011,194.32165626732748,193.10521896564188,194.28208923339844,38824100,0.0,0.0
2023-08-01 00:00:00-04:00,194.074422779809,194.55900578654655,193.12501010327395,193.4513702392578,35175100,0.0,0.0
2023-08-02 00:00:00-04:00,192.88766337294663,193.02611782368746,189.73287873889473,190.45481872558594,50389300,0.0,0.0
2023-08-03 00:00:00-04:00,189.45595867004647,190.247118290272,188.58566497931545,189.06036376953125,61235200,0.0,0.0
2023-08-04 00:00:00-04:00,183.47271804853088,185.312192820491,179.91243942847825,179.98167419433594,115956800,0.0,0.0
2023-08-07 00:00:00-04:00,180.1201302461886,181.10909486166798,175.39288059142936,176.87632751464844,97576100,0.0,0.0
2023-08-08 00:00:00-04:00,177.7070549630004,178.2806562533865,175.6203390114105,177.8158416748047,67823000,0.0,0.0
2023-08-09 00:00:00-04:00,178.87402014653773,178.93335560733482,175.05661623443876,176.22360229492188,60378500,0.0,0.0
2023-08-10 00:00:00-04:00,177.49935830249015,178.7553475423464,175.64011515660735,176.0060272216797,54686900,0.0,0.0
2023-08-11 00:00:00-04:00,175.60000259117115,176.88738049769475,174.8374673630278,176.0654296875,52036700,0.24,0.0
2023-08-14 00:00:00-04:00,176.2436858942371,177.94700304207137,175.59008429106805,177.71923828125,43675600,0.0,0.0
2023-08-15 00:00:00-04:00,177.1448814654077,177.73905244130324,175.3326305229056,175.72874450683594,43622600,0.0,0.0
2023-08-16 00:00:00-04:00,175.4118501481314,176.80816171418965,174.78795629022963,174.85728454589844,46964900,0.0,0.0
2023-08-17 00:00:00-04:00,175.42175166053434,175.78815784652573,171.79724982185638,172.3122100830078,66062900,0.0,0.0
2023-08-18 00:00:00-04:00,170.62871045348956,173.40155375891743,170.29201204567954,172.79747009277344,61172200,0.0,0.0
2023-08-21 00:00:00-04:00,173.37183349440417,174.4215491084137,172.05473264129324,174.1343536376953,46311900,0.0,0.0
2023-08-22 00:00:00-04:00,175.34251507159627,175.95649623435884,174.54037449165708,175.5108642578125,42038900,0.0,0.0
2023-08-23 00:00:00-04:00,176.78837280424742,179.78898080878903,176.60021337314086,179.36314392089844,52722800,0.0,0.0
2023-08-24 00:00:00-04:00,178.91752463221655,179.34336155038372,174.30272234931607,174.6691436767578,54945800,0.0,0.0
2023-08-25 00:00:00-04:00,175.6594375427037,177.41225784961358,174.1145717959043,176.87750244140625,51449600,0.0,0.0
2023-08-28 00:00:00-04:00,178.34314839003864,178.83829845949455,176.81809282485807,178.4421844482422,43820700,0.0,0.0
2023-08-29 00:00:00-04:00,177.95692088146865,183.10647826164347,177.7588638881504,182.33404541015625,53003900,0.0,0.0
2023-08-30 00:00:00-04:00,183.14609871926743,186.027875570887,182.9480417259573,185.82980346679688,60813900,0.0,0.0
2023-08-31 00:00:00-04:00,186.0179606639307,187.28554353881972,185.66145203594442,186.04766845703125,60794500,0.0,0.0
2023-09-01 00:00:00-04:00,187.65196121049496,188.0777829772235,186.45369150574666,187.62225341796875,45766500,0.0,0.0
2023-09-05 00:00:00-04:00,186.45368485534252,188.13719185182467,185.79018566129048,187.8599090576172,45280000,0.0,0.0
2023-09-06 00:00:00-04:00,186.57250991647675,187.01815699545173,179.70973831822653,181.13577270507812,81755800,0.0,0.0
2023-09-07 00:00:00-04:00,173.48077306769622,176.48139642487362,171.85668142571674,175.8376922607422,112488800,0.0,0.0
2023-09-08 00:00:00-04:00,176.62002446653017,178.4916910043361,176.06544373133067,176.45166015625,65551300,0.0,0.0
2023-09-11 00:00:00-04:00,178.3233437087065,178.5511084974291,175.619813594627,177.62022399902344,58953100,0.0,0.0
2023-09-12 00:00:00-04:00,177.7489644157226,178.38275585399316,173.12426491742679,174.58990478515625,90370200,0.0,0.0
2023-09-13 00:00:00-04:00,174.7978655233742,175.58021106580875,172.29240747476095,172.5201873779297,84267900,0.0,0.0
2023-09-14 00:00:00-04:00,172.31222690532334,174.39186327435525,171.89630265367322,174.0353546142578,60895800,0.0,0.0
2023-09-15 00:00:00-04:00,174.76818152148616,174.78799175723694,172.13399437636494,173.31243896484375,109259500,0.0,0.0
2023-09-18 00:00:00-04:00,174.76814563074643,177.64002479353724,174.46115503817452,176.2436981201172,67257600,0.0,0.0
2023-09-19 00:00:00-04:00,175.79808534740948,177.88761925037375,175.41186889666162,177.3330535888672,51826900,0.0,0.0
2023-09-20 00:00:00-04:00,177.5211703172096,177.95690472942889,173.69861176107497,173.78775024414062,58436200,0.0,0.0
2023-09-21 00:00:00-04:00,172.8569010557525,174.5899263869401,172.1735915074449,172.24290466308594,63149100,0.0,0.0
2023-09-22 00:00:00-04:00,172.97569703516947,175.36232363207063,172.36171587825564,173.0945281982422,56725400,0.0,0.0
2023-09-25 00:00:00-04:00,172.51025571431984,175.25339092524624,172.46073769252675,174.3720245361328,46172700,0.0,0.0
2023-09-26 00:00:00-04:00,173.12426626356617,173.50057001651604,169.99491440180657,170.29200744628906,64588900,0.0,0.0
2023-09-27 00:00:00-04:00,170.94559986493434,171.3615240971404,167.41023633579258,168.77684020996094,66921800,0.0,0.0
2023-09-28 00:00:00-04:00,167.69740591218968,170.36131544966938,165.99408862675534,169.03431701660156,56294400,0.0,0.0
2023-09-29 00:00:00-04:00,170.3514112168,171.39122924497295,168.68769934956754,169.5492706298828,51861100,0.0,0.0
2023-10-02 00:00:00-04:00,169.55919331240622,172.60931959526494,169.2719978061565,172.0646514892578,52164500,0.0,0.0
2023-10-03 00:00:00-04:00,170.58908076573104,171.9458021063211,169.1630613901914,170.72772216796875,49594600,0.0,0.0
2023-10-04 00:00:00-04:00,169.43043127173715,172.5201776911012,169.31160010164683,171.9755096435547,53020300,0.0,0.0
2023-10-05 00:00:00-04:00,172.10423261632292,173.74813426454526,171.00499899742474,173.21337890625,48527900,0.0,0.0
2023-10-06 00:00:00-04:00,172.1141468247828,176.26350633418187,171.50015053588783,175.7683563232422,57266700,0.0,0.0
2023-10-09 00:00:00-04:00,175.09495269037185,177.3132302836497,174.09475506108697,177.25381469726562,42390800,0.0,0.0
2023-10-10 00:00:00-04:00,176.37242659771795,177.97670767634264,176.2238725392073,176.65960693359375,43698000,0.0,0.0
2023-10-11 00:00:00-04:00,176.4714678376734,178.10547200469523,175.87729686757618,178.0559539794922,47551100,0.0,0.0
2023-10-12 00:00:00-04:00,178.3233313959954,180.57130155585352,177.30330847610173,178.95712280273438,56743100,0.0,0.0
2023-10-13 00:00:00-04:00,179.6602366589199,180.1652842541005,176.41205364228972,177.11517333984375,51427100,0.0,0.0
2023-10-16 00:00:00-04:00,175.03555762284597,177.34295886618918,174.79788013866767,176.9864501953125,52517000,0.0,0.0
2023-10-17 00:00:00-04:00,174.93650583601004,176.6893412361662,173.1044597256959,175.43165588378906,57549400,0.0,0.0
2023-10-18 00:00:00-04:00,173.87688106979198,175.8574811296678,173.41143884685883,174.1343536376953,54764400,0.0,0.0
2023-10-19 00:00:00-04:00,174.33240207355175,176.11494506219307,173.4906561558451,173.75804138183594,59302900,0.0,0.0
2023-10-20 00:00:00-04:00,173.60951658974062,173.7184502104905,170.96541700693638,171.20309448242188,64244000,0.0,0.0
2023-10-23 00:00:00-04:00,169.25219112217718,172.32211231863303,168.2816861592976,171.32191467285156,55980100,0.0,0.0
2023-10-24 00:00:00-04:00,171.37144345921354,171.98542471489895,169.78695717971306,171.75765991210938,43816600,0.0,0.0
2023-10-25 00:00:00-04:00,170.2127862637829,171.38133313025827,168.99470625930118,169.4403533935547,57157000,0.0,0.0
2023-10-26 00:00:00-04:00,168.71741923518283,169.71763198356828,164.06301189675906,165.27117919921875,70625300,0.0,0.0
2023-10-27 00:00:00-04:00,165.29099661436564,167.321114882013,165.2117707914918,166.58828735351562,58499100,0.0,0.0
2023-10-30 00:00:00-04:00,167.38051344932887,169.5096524459554,167.23195938000526,168.63818359375,51131000,0.0,0.0
2023-10-31 00:00:00-04:00,167.70731641765212,169.24226937820893,166.27136928302133,169.11354064941406,44846000,0.0,0.0
2023-11-01 00:00:00-04:00,169.34132385628374,172.53998907588377,168.46985489806465,172.2825164794922,56934900,0.0,0.0
2023-11-02 00:00:00-04:00,173.8174769968696,176.05554977286621,173.75806140886317,175.84759521484375,77334800,0.0,0.0
2023-11-03 00:00:00-04:00,172.5498813500308,175.10485722122255,171.66851493448934,174.93649291992188,79829200,0.0,0.0
2023-11-06 00:00:00-05:00,174.66913933099835,177.68954259678722,174.50079012453784,177.49148559570312,63841300,0.0,0.0
2023-11-07 00:00:00-05:00,177.44195927584823,180.67034717470034,177.23400472320088,180.05636596679688,70530000,0.0,0.0
2023-11-08 00:00:00-05:00,180.5812266581694,181.67054768588966,179.82858892219454,181.11598205566406,49340300,0.0,0.0
2023-11-09 00:00:00-05:00,181.18529301725127,182.33402952271553,180.04643896103886,180.640625,53763500,0.0,0.0
2023-11-10 00:00:00-05:00,182.4255062616545,185.00368436987887,181.98919780050704,184.83509826660156,66133400,0.24,0.0
2023-11-13 00:00:00-05:00,184.25997609615754,184.46820459130328,182.66349206706928,183.24853515625,43627500,0.0,0.0
2023-11-14 00:00:00-05:00,186.12420582715117,186.53076740007103,184.7359652497266,185.86639404296875,60108400,0.0,0.0
2023-11-15 00:00:00-05:00,186.27293434959842,187.9090759241039,186.20351476330887,186.43157958984375,53790500,0.0,0.0
2023-11-16 00:00:00-05:00,187.9785160308428,189.35684600106327,187.06622636374277,188.11734008789062,54412900,0.0,0.0
2023-11-17 00:00:00-05:00,188.65279989002153,188.78171334674664,186.98691120628507,188.09750366210938,50922700,0.0,0.0
2023-11-20 00:00:00-05:00,188.29581152699646,190.29885721130628,188.28590092727276,189.84271240234375,46505100,0.0,0.0
2023-11-21 00:00:00-05:00,189.80306012274144,189.91213724546566,188.14708208188244,189.03952026367188,38134500,0.0,0.0
2023-11-22 00:00:00-05:00,189.88239992204348,191.31029805901488,189.22793715258507,189.7039031982422,39617700,0.0,0.0
2023-11-24 00:00:00-05:00,189.26759079649733,189.2973377280717,187.66119596873028,188.37515258789062,24048300,0.0,0.0
2023-11-27 00:00:00-05:00,188.3255687303111,189.0692722786972,187.31412766791345,188.1966552734375,40552600,0.0,0.0
2023-11-28 00:00:00-05:00,188.18672364904648,189.47581268170356,187.80990905147505,188.801513671875,38415400,0.0,0.0
2023-11-29 00:00:00-05:00,189.29736666732592,190.47737890246535,187.38357650025696,187.78021240234375,43014200,0.0,0.0
2023-11-30 00:00:00-05:00,188.2462390361622,188.7222202024886,186.61009727764167,188.35531616210938,48794400,0.0,0.0
2023-12-01 00:00:00-05:00,188.73212704562349,189.95179660734362,187.64135580786584,189.63449096679688,45704800,0.0,0.0
2023-12-04 00:00:00-05:00,188.38506152852514,188.45448112204545,185.87630278327032,187.8396759033203,43389500,0.0,0.0
2023-12-05 00:00:00-05:00,188.61316059527184,192.76797210608754,188.58339853026055,191.79620361328125,66628400,0.0,0.0
2023-12-06 00:00:00-05:00,192.81755229252437,193.12494736273675,190.4972006683192,190.7054443359375,41089700,0.0,0.0
2023-12-07 00:00:00-05:00,192.00444213716838,193.3629358704378,191.9647694720094,192.63906860351562,47477700,0.0,0.0
2023-12-08 00:00:00-05:00,192.56962283922067,194.3446036620394,192.04407357743747,194.06695556640625,53406400,0.0,0.0
2023-12-11 00:00:00-05:00,191.48879255742054,191.8656072016425,189.81297812056516,191.55819702148438,60943700,0.0,0.0
2023-12-12 00:00:00-05:00,191.45905774250062,193.08528901898003,190.1104746012234,193.07537841796875,52696900,0.0,0.0
2023-12-13 00:00:00-05:00,193.45214952198077,196.33772271445184,193.21417408717826,196.29806518554688,70404200,0.0,0.0
2023-12-14 00:00:00-05:00,196.35759757334458,197.94415626252416,194.5132119382899,196.44683837890625,66831600,0.0,0.0
2023-12-15 00:00:00-05:00,195.87168903034603,196.73438033852585,195.34613971264017,195.91136169433594,128538400,0.0,0.0
2023-12-18 00:00:00-05:00,194.44375552934187,194.97923052273018,192.75803062150393,194.2454376220703,55751900,0.0,0.0
2023-12-19 00:00:00-05:00,194.51320107826476,195.2965622122741,194.24546354583867,195.28665161132812,40714100,0.0,0.0
2023-12-20 00:00:00-05:00,195.24698053858313,196.0204310779547,193.19436645507812,193.19436645507812,52242800,0.0,0.0
2023-12-21 00:00:00-05:00,194.45370060278358,195.42546903656068,191.87552215973167,193.0456085205078,46482500,0.0,0.0
2023-12-22 00:00:00-05:00,193.54139247575878,193.7694724442452,191.34995462543642,191.97467041015625,37149600,0.0,0.0
2023-12-26 00:00:00-05:00,191.98458698376479,192.262235089905,191.21113652656177,191.42929077148438,28919300,0.0,0.0
2023-12-27 00:00:00-05:00,190.87399477798158,191.87551008122907,189.48573911500236,191.5284423828125,48087700,0.0,0.0
2023-12-28 00:00:00-05:00,192.51016078496022,193.02579953233345,191.54830289093405,191.95486450195312,34049900,0.0,0.0
2023-12-29 00:00:00-05:00,192.27215946893213,192.76796185552627,190.12037892679615,190.91366577148438,42672100,0.0,0.0
2024-01-02 00:00:00-05:00,185.5788148528252,186.85799339797134,182.34618895522584,184.0814971923828,82488700,0.0,0.0
2024-01-03 00:00:00-05:00,182.6734238450404,184.31949132166326,181.8900476382689,182.7031707763672,58414500,0.0,0.0
2024-01-04 00:00:00-05:00,180.62080322049852,181.552914127362,179.36147605378457,180.38282775878906,71983600,0.0,0.0
2024-01-05 00:00:00-05:00,180.46214807824285,181.2256728170181,178.65742022872922,179.658935546875,62379700,0.0,0.0
2024-01-08 00:00:00-05:00,180.56131218264795,184.04185467153414,179.97626898919978,184.00218200683594,59144500,0.0,0.0
2024-01-09 00:00:00-05:00,182.37593441619447,183.59560395931726,181.19592240352762,183.585693359375,42841800,0.0,0.0
2024-01-10 00:00:00-05:00,182.8023278606972,184.8351053395885,182.3759299825551,184.6268768310547,46792900,0.0,0.0
2024-01-11 00:00:00-05:00,184.97392753345,185.47965559618967,182.07844372761645,184.0319061279297,49128400,0.0,0.0
2024-01-12 00:00:00-05:00,184.49797017252533,185.17226924419936,183.63527891547233,184.35914611816406,40477800,0.0,0.0
2024-01-16 00:00:00-05:00,180.63071876275188,182.71307958868692,179.41103406753936,182.08837890625,65603000,0.0,0.0
2024-01-17 00:00:00-05:00,179.7482109997081,181.3942635111242,178.78635310827863,181.1463623046875,47317400,0.0,0.0
2024-01-18 00:00:00-05:00,184.5277024783634,187.55209963440907,184.26989072089356,187.04638671875,78005800,0.0,0.0
2024-01-19 00:00:00-05:00,187.74052319933506,190.33852272040096,187.23481023986653,189.95179748535156,68903000,0.0,0.0
2024-01-22 00:00:00-05:00,190.68557454998964,193.69013538694645,190.6459018913611,192.26222229003906,60133900,0.0,0.0
2024-01-23 00:00:00-05:00,193.38275184285894,194.10661903356933,192.20273983497614,193.54139709472656,42355600,0.0,0.0
2024-01-24 00:00:00-05:00,193.7793857004472,194.73133285541883,192.70845082511164,192.8671112060547,53631300,0.0,0.0
2024-01-25 00:00:00-05:00,193.58107445570798,194.62226243680658,191.48878789336808,192.53988647460938,54822100,0.0,0.0
2024-01-26 00:00:00-05:00,192.63904008919584,193.12491668531047,190.3285994330514,190.8045654296875,44594000,0.0,0.0
2024-01-29 00:00:00-05:00,190.3980247095346,190.5864320350317,187.98843240307312,190.12037658691406,47145600,0.0,0.0
2024-01-30 00:00:00-05:00,189.33702781871273,190.1898085739461,185.89615786346673,186.46136474609375,55859400,0.0,0.0
2024-01-31 00:00:00-05:00,185.46974943852436,185.5292584344751,182.8023453182215,182.85191345214844,55467800,0.0,0.0
2024-02-01 00:00:00-05:00,182.44538909175944,185.38053109190508,182.27681807620357,185.29129028320312,64885400,0.0,0.0
2024-02-02 00:00:00-05:00,178.35001646911297,185.75730456104918,177.7451370154647,184.28973388671875,102551700,0.0,0.0
2024-02-05 00:00:00-05:00,186.5704408518845,187.66121220628375,184.27983613833493,186.10438537597656,69668800,0.0,0.0
2024-02-06 00:00:00-05:00,185.29128192836527,187.7207107722996,185.2020411236872,187.71080017089844,43490800,0.0,0.0
2024-02-07 00:00:00-05:00,189.03953967028943,189.44610127224303,187.02658312392904,187.8198699951172,53439000,0.0,0.0
2024-02-08 00:00:00-05:00,187.8000228857875,187.94875754592414,185.77715585449096,186.739013671875,40962000,0.0,0.0
2024-02-09 00:00:00-05:00,187.30492339729363,188.63538073939827,186.65956394365634,187.50350952148438,45155200,0.24,0.0
2024-02-12 00:00:00-05:00,187.0765772861258,187.32479480430874,185.45819421957458,185.8156280517578,41781900,0.0,0.0
2024-02-13 00:00:00-05:00,184.44546335353002,184.88232857566155,182.20156746712615,183.7206573486328,56529500,0.0,0.0
2024-02-14 00:00:00-05:00,183.99867685469593,184.2071710720395,181.13920638831792,182.83700561523438,54630500,0.0,0.0
2024-02-15 00:00:00-05:00,182.24131546677532,183.1746158133602,180.05700420987225,182.54910278320312,65434500,0.0,0.0
2024-02-16 00:00:00-05:00,182.1122335213933,183.53204565484478,180.37471083115267,181.01014709472656,49752500,0.0,0.0
2024-02-20 00:00:00-05:00,180.49384354523508,181.12927978468986,178.7166127841021,180.26548767089844,53665600,0.0,0.0
2024-02-21 00:00:00-05:00,180.64278508736416,181.5860086349742,179.37191259479573,181.02008056640625,41371400,0.0,0.0
2024-02-22 00:00:00-05:00,182.17179668082835,183.64125529629035,181.15908011476066,183.05545043945312,52292200,0.0,0.0
2024-02-23 00:00:00-05:00,183.69089534874325,183.72068024032762,180.93071762862238,181.21865844726562,45119700,0.0,0.0
2024-02-26 00:00:00-05:00,180.94064867140935,181.45693020455124,179.36197373162466,179.86834716796875,40867400,0.0,0.0
2024-02-27 00:00:00-05:00,179.8087756065873,182.60866132395924,178.27974721589908,181.32786560058594,54318900,0.0,0.0
2024-02-28 00:00:00-05:00,181.20870480571682,181.814356133641,178.84568442217187,180.12648010253906,48953900,0.0,0.0
2024-02-29 00:00:00-05:00,179.97756989489093,181.26830407372196,178.2499704416867,179.46127319335938,136682600,0.0,0.0
2024-03-01 00:00:00-05:00,178.26982726346276,179.24283570733874,176.11530099131116,178.37904357910156,73563100,0.0,0.0
2024-03-04 00:00:00-05:00,174.89406399657693,175.63871657984365,172.55088992856452,173.8515625,81510100,0.0,0.0
2024-03-05 00:00:00-05:00,169.54249498191575,170.8133675141066,168.4106236594959,168.9070587158203,95132400,0.0,0.0
2024-03-06 00:00:00-05:00,169.84032409893882,170.01904856043853,167.47728886906006,167.91415405273438,68587700,0.0,0.0
2024-03-07 00:00:00-05:00,167.94398367002375,169.51272036105578,167.2887008699696,167.79505920410156,71765100,0.0,0.0
2024-03-08 00:00:00-05:00,167.79503440936114,172.4615205019895,167.73546463179477,169.5126953125,76267000,0.0,0.0
2024-03-11 00:00:00-04:00,171.7069430151515,173.13667826239134,170.8232893067872,171.51829528808594,60139500,0.0,0.0
2024-03-12 00:00:00-04:00,171.91544162555573,172.7891721100731,169.79070034274764,171.994873046875,59825400,0.0,0.0
2024-03-13 00:00:00-04:00,171.53815729817867,171.95516088785197,169.54247886546352,169.90985107421875,52488700,0.0,0.0
2024-03-14 00:00:00-04:00,171.67717059661035,173.06718266017282,170.82330171470906,171.7665252685547,72913500,0.0,0.0
2024-03-15 00:00:00-04:00,169.94957779625068,171.3892364501953,169.07584723661714,171.3892364501953,121752700,0.0,0.0
2024-03-18 00:00:00-04:00,174.31821532960825,176.4429567936847,172.2828285408912,172.4813995361328,75604200,0.0,0.0
2024-03-19 00:00:00-04:00,173.09695515946524,175.35077434046616,171.79629786095623,174.82455444335938,55215200,0.0,0.0
2024-03-20 00:00:00-04:00,174.46712406809783,177.39608764648438,173.84161109695287,177.39608764648438,53423100,0.0,0.0
2024-03-21 00:00:00-04:00,175.78765774149878,176.22452301821235,169.62192763151074,170.1481475830078,106181300,0.0,0.0
2024-03-22 00:00:00-04:00,170.5353695457136,171.81618050845861,168.8474933401544,171.05166625976562,71160100,0.0,0.0
2024-03-25 00:00:00-04:00,169.3538487990515,170.7140758962492,168.24182406010684,169.63185119628906,54288300,0.0,0.0
2024-03-26 00:00:00-04:00,168.78791039294236,170.19778406175462,168.37090678526505,168.49998474121094,57388400,0.0,0.0
2024-03-27 00:00:00-04:00,169.19499314475576,172.36225110852925,168.89712909220745,172.07431030273438,60273300,0.0,0.0
2024-03-28 00:00:00-04:00,170.5254338962422,171.00200728609337,169.29426955996547,170.25735473632812,65672700,0.0,0.0
2024-04-01 00:00:00-04:00,169.96943620832081,170.02900599080004,168.2716216576847,168.8177032470703,46240500,0.0,0.0
2024-04-02 00:00:00-04:00,167.87447897129715,168.13261974429108,167.0305333230549,167.6361846923828,49329500,0.0,0.0
2024-04-03 00:00:00-04:00,167.5865303145986,169.46305411699578,167.37803608655156,168.44039916992188,47691700,0.0,0.0
2024-04-04 00:00:00-04:00,169.07582268557752,170.69420560535343,167.61631774902344,167.61631774902344,53704400,0.0,0.0
2024-04-05 00:00:00-04:00,168.3808338913719,169.17513298848516,167.74539764368038,168.37091064453125,42104800,0.0,0.0
2024-04-08 00:00:00-04:00,167.8248441796421,167.99363029110225,167.04048340873945,167.2489776611328,37425500,0.0,0.0
2024-04-09 00:00:00-04:00,167.49716574379335,168.86733118994096,167.14967033425899,168.4602508544922,42373800,0.0,0.0
2024-04-10 00:00:00-04:00,167.59647195447172,167.88439761067826,165.91851910107465,166.583740234375,49709300,0.0,0.0
2024-04-11 00:00:00-04:00,167.13973556457645,174.20898041040104,166.96102623293754,173.79196166992188,91070300,0.0,0.0
2024-04-12 00:00:00-04:00,173.0175330436537,177.0883063929916,172.96790166012116,175.2912139892578,101670900,0.0,0.0
2024-04-15 00:00:00-04:00,174.10968609239896,175.37063525095596,171.27007724910962,171.45872497558594,73531800,0.0,0.0
2024-04-16 00:00:00-04:00,170.52542991803605,172.5210932508517,167.0702464097302,168.17233276367188,73711200,0.0,0.0
2024-04-17 00:00:00-04:00,168.4006911997193,169.43326939438703,166.8021697998047,166.8021697998047,50901200,0.0,0.0
2024-04-18 00:00:00-04:00,166.83196113193097,167.4376124969012,165.36251763085394,165.84901428222656,43122900,0.0,0.0
2024-04-19 00:00:00-04:00,165.02494208062998,165.21357466916862,162.9101239696921,163.8235626220703,68149400,0.0,0.0
2024-04-22 00:00:00-04:00,164.33986695337822,166.06745127090076,163.5952143613438,164.65757751464844,48116400,0.0,0.0
2024-04-23 00:00:00-04:00,164.17108536017497,165.85896158515186,163.744143317683,165.71002197265625,49537800,0.0,0.0
2024-04-24 00:00:00-04:00,165.35256706337344,168.09289802448964,165.02493328758231,167.8148956298828,48251800,0.0,0.0
2024-04-25 00:00:00-04:00,168.32124662085997,169.3935480180457,166.95108119945704,168.67868041992188,50558300,0.0,0.0
2024-04-26 00:00:00-04:00,168.66877724193844,170.11835910227322,167.97375605274175,168.09291076660156,44838400,0.0,0.0
2024-04-29 00:00:00-04:00,172.13384626192774,174.77488377894562,171.86578230229972,172.26292419433594,68169400,0.0,0.0
2024-04-30 00:00:00-04:00,172.09416491333778,173.74233280675443,168.78790588015656,169.1155548095703,65934800,0.0,0.0
2024-05-01 00:00:00-04:00,168.37091318228207,171.47860143970507,167.90426302381934,168.09291076660156,50383100,0.0,0.0
2024-05-02 00:00:00-04:00,171.27999852318183,172.1835138606425,169.67155396857694,171.79629516601562,94214900,0.0,0.0
2024-05-03 00:00:00-04:00,185.31916830374013,185.66667884285496,181.3576269377945,182.07249450683594,163224100,0.0,0.0
2024-05-06 00:00:00-04:00,181.04986495546194,182.88666551151155,179.1336178251023,180.4144287109375,78569700,0.0,0.0
2024-05-07 00:00:00-04:00,182.14198851894085,183.58164691028847,180.02718583647587,181.09947204589844,77305800,0.0,0.0
2024-05-08 00:00:00-04:00,181.5463043299869,181.76473696457006,180.15627709627628,181.4370880126953,45057100,0.0,0.0
2024-05-09 00:00:00-04:00,181.25836496086742,183.34339825305352,180.81157644111198,183.25404357910156,48983000,0.0,0.0
2024-05-10 00:00:00-04:00,183.83065525294157,184.01955884653998,181.07668601424152,181.99136352539062,50759500,0.25,0.0
2024-05-13 00:00:00-04:00,184.36755931231187,186.01796278299403,183.5522942832241,185.20269775390625,72044800,0.0,0.0
2024-05-14 00:00:00-04:00,186.4255779791011,187.21101770983566,185.2126323262415,186.34603881835938,52393600,0.0,0.0
2024-05-15 00:00:00-04:00,186.82328796013638,189.54743236218252,186.2864023770235,188.62281799316406,70400000,0.0,0.0
2024-05-16 00:00:00-04:00,189.36845732702145,189.99481870677727,188.5631442219314,188.74209594726562,52845200,0.0,0.0
2024-05-17 00:00:00-04:00,188.4140082479681,189.70649303935699,188.08591490450098,188.7719268798828,41282900,0.0,0.0
2024-05-20 00:00:00-04:00,188.23504809883084,190.81006568993442,187.91689147556073,189.93515014648438,44361300,0.0,0.0
2024-05-21 00:00:00-04:00,189.98485665329835,191.61537135801854,189.81584164268895,191.23757934570312,42309400,0.0,0.0
2024-05-22 00:00:00-04:00,191.15804664976199,191.70486886169914,189.1696132758398,189.79595947265625,34648500,0.0,0.0
2024-05-23 00:00:00-04:00,189.8754886957117,189.89537727616252,185.55065543598812,185.79920959472656,51005900,0.0,0.0
2024-05-24 00:00:00-04:00,187.72799159963486,189.4778074092878,186.95248867034007,188.8812713623047,36327000,0.0,0.0
2024-05-28 00:00:00-04:00,190.40244918609352,191.8838376427625,188.00639828711084,188.89125061035156,52280100,0.0,0.0
2024-05-29 00:00:00-04:00,188.5134387924459,191.13817040866115,188.41401104911338,189.1894989013672,53068000,0.0,0.0
2024-05-30 00:00:00-04:00,189.6567669388692,191.06855279301288,189.52752908744432,190.18370056152344,49889100,0.0,0.0
2024-05-31 00:00:00-04:00,190.33285520255313,191.45632497373828,188.81170480343985,191.13816833496094,75158300,0.0,0.0
2024-06-03 00:00:00-04:00,191.7843976924141,193.86232215027837,191.40660565779223,192.90786743164062,50080500,0.0,0.0
2024-06-04 00:00:00-04:00,193.51434462038463,194.19041988861153,191.91365507081835,193.2260284423828,47471400,0.0,0.0
2024-06-05 00:00:00-04:00,194.269945311189,195.76127042413225,193.74301165159252,194.7372283935547,54156800,0.0,0.0
2024-06-06 00:00:00-04:00,194.55826398135935,195.36357706257476,193.04705038431933,193.35525512695312,41181800,0.0,0.0
2024-06-07 00:00:00-04:00,193.52429170702464,195.80105664694403,193.01724660656404,195.7513427734375,53103900,0.0,0.0
2024-06-10 00:00:00-04:00,195.76126603853862,196.15896182874013,191.03873662001607,192.0031280517578,97010200,0.0,0.0
2024-06-11 00:00:00-04:00,192.53005531977516,205.9619324668351,192.51018190883102,205.9519805908203,172373300,0.0,0.0
2024-06-12 00:00:00-04:00,206.17072098738436,218.92652361101457,205.7034379048798,211.8377685546875,198134300,0.0,0.0
2024-06-13 00:00:00-04:00,213.49810017257707,215.49647028335949,210.37626033331,213.00099182128906,97862700,0.0,0.0
2024-06-14 00:00:00-04:00,212.61325905037393,213.92561727783075,210.07800329190465,211.26112365722656,70122700,0.0,0.0
2024-06-17 00:00:00-04:00,212.13602802573277,217.6837594401996,211.4897931914233,215.4169464111328,93728300,0.0,0.0
2024-06-18 00:00:00-04:00,216.3316233309755,217.3656172672209,211.7681719978675,213.0507049560547,79943300,0.0,0.0
2024-06-20 00:00:00-04:00,212.69279821776487,213.0010181769571,207.64219009381964,208.46737670898438,86172500,0.0,0.0
2024-06-21 00:00:00-04:00,209.17326157128963,210.66458669732776,205.91223184266303,206.2900390625,241805100,0.0,0.0
2024-06-24 00:00:00-04:00,206.51869484312465,211.46988977828624,205.39522511371305,206.93626403808594,80727000,0.0,0.0
2024-06-25 00:00:00-04:00,207.94044013256496,210.1575545458077,207.40356972919952,207.8609161376953,55549700,0.0,0.0
2024-06-26 00:00:00-04:00,210.2768291728298,213.6173978459433,209.42180221570723,212.01670837402344,66213200,0.0,0.0
2024-06-27 00:00:00-04:00,213.44838535845383,214.49231592564604,211.12192192565487,212.86180114746094,49772700,0.0,0.0
2024-06-28 00:00:00-04:00,214.52215724323335,214.82042530908265,209.08379028418835,209.4019317626953,82542700,0.0,0.0
2024-07-01 00:00:00-04:00,210.86342163866271,216.25207446959737,210.6944066158183,215.49647521972656,60402900,0.0,0.0
2024-07-02 00:00:00-04:00,214.89994100712372,219.10548871515067,213.85602557275527,218.99612426757812,58046200,0.0,0.0
2024-07-03 00:00:00-04:00,218.72769869983824,220.26873779296875,217.76330717829083,220.26873779296875,37369800,0.0,0.0
2024-07-05 00:00:00-04:00,220.36815696069414,225.14040083639475,220.36815696069414,225.03103637695312,60412400,0.0,0.0
2024-07-08 00:00:00-04:00,225.7766827586142,226.53229721329785,221.95889400104966,226.50247192382812,59085900,0.0,0.0
2024-07-09 00:00:00-04:00,226.6118203351868,228.07332019577044,225.0608446065374,227.35748291015625,48076100,0.0,0.0
2024-07-10 00:00:00-04:00,227.97391879587246,231.732057144285,227.92420492099558,231.63262939453125,62627700,0.0,0.0
2024-07-11 00:00:00-04:00,230.05179071675636,231.04600736969545,224.4642979818121,226.25389099121094,64710600,0.0,0.0
2024-07-12 00:00:00-04:00,227.59609977127653,231.29458734662404,227.357482286545,229.20672607421875,53046500,0.0,0.0
2024-07-15 00:00:00-04:00,235.11237576276483,235.8580383346859,231.7419815445035,233.04440307617188,62631300,0.0,0.0
2024-07-16 00:00:00-04:00,233.64094209406048,234.9036016458956,230.9863851256273,233.4619903564453,43234300,0.0,0.0
2024-07-17 00:00:00-04:00,228.1230311101644,230.1214164943178,225.32928445945876,227.55633544921875,57345900,0.0,0.0
2024-07-18 00:00:00-04:00,228.9482429378798,229.1073212664266,220.98457185049298,222.88351440429688,66034600,0.0,0.0
2024-07-19 00:00:00-04:00,223.5198013048721,225.48834608374398,221.9886991219942,223.0127410888672,49151500,0.0,0.0
2024-07-22 00:00:00-04:00,225.69712847330965,226.46267958300487,221.7998008147913,222.66477966308594,48201800,0.0,0.0
2024-07-23 00:00:00-04:00,223.0723963761116,225.6275405798551,221.392167723929,223.7086944580078,39960300,0.0,0.0
2024-07-24 00:00:00-04:00,222.70455320631825,223.4999296447353,215.8742889513949,217.276123046875,61777600,0.0,0.0
2024-07-25 00:00:00-04:00,217.6638522810165,219.57276167257183,213.37878078186108,216.23219299316406,51391200,0.0,0.0
2024-07-26 00:00:00-04:00,217.43518879671294,218.22062848355827,214.76074345207394,216.69947814941406,41601300,0.0,0.0
2024-07-29 00:00:00-04:00,215.70527849563507,218.0317421116191,214.50226952108,216.97787475585938,36311800,0.0,0.0
2024-07-30 00:00:00-04:00,217.92236610782675,219.05577256608925,214.87011348402856,217.5346221923828,41643800,0.0,0.0
2024-07-31 00:00:00-04:00,220.1593561933901,222.52559687691686,219.35404306544518,220.795654296875,50036300,0.0,0.0
2024-08-01 00:00:00-04:00,223.07242079394348,223.1817852498598,215.76493634313655,217.09718322753906,62501000,0.0,0.0
2024-08-02 00:00:00-04:00,217.88258518105536,224.29529507499745,216.45092586682142,218.58848571777344,105568600,0.0,0.0
2024-08-05 00:00:00-04:00,197.9386040162881,212.26527065556354,194.866477978878,208.0597381591797,119548600,0.0,0.0
2024-08-06 00:00:00-04:00,204.11270880558044,208.77558795019922,199.90717605667754,206.0315399169922,69660500,0.0,0.0
2024-08-07 00:00:00-04:00,205.70344110024527,212.40446750854989,205.19639601521322,208.6065673828125,63516400,0.0,0.0
2024-08-08 00:00:00-04:00,211.87752992550045,212.96122253044004,207.6222834948103,212.0763702392578,47161100,0.0,0.0
2024-08-09 00:00:00-04:00,210.87339904235876,215.52632659839892,210.7441459978426,214.9894561767578,42201600,0.0,0.0
2024-08-12 00:00:00-04:00,215.0690650325273,218.49311650663688,214.60124108809114,216.5222930908203,38028100,0.25,0.0
2024-08-13 00:00:00-04:00,217.9954546002453,220.8621181746332,217.9954546002453,220.2449951171875,44155300,0.0,0.0
2024-08-14 00:00:00-04:00,219.54820460737923,221.99680001644595,218.6822246024247,220.69287109375,41960600,0.0,0.0
2024-08-15 00:00:00-04:00,223.55956160665437,224.3060872818483,221.72807374055304,223.6790008544922,46414000,0.0,0.0
2024-08-16 00:00:00-04:00,222.88270038911833,225.77922361016536,222.6139468974481,225.00283813476562,44340200,0.0,0.0
2024-08-19 00:00:00-04:00,224.67435623990076,224.94310972106823,222.00676340736013,224.84356689453125,40687800,0.0,0.0
2024-08-20 00:00:00-04:00,224.72413110884563,226.11763957317405,224.4056062095116,225.460693359375,30299000,0.0,0.0
2024-08-21 00:00:00-04:00,225.4706659840429,226.92389412945442,224.00747444255492,225.35121154785156,34765500,0.0,0.0
2024-08-22 00:00:00-04:00,226.73477629352786,227.2822315048041,222.86279698192573,223.48988342285156,43695300,0.0,0.0
2024-08-23 00:00:00-04:00,224.61464290366072,227.16278137803022,223.29080225181497,225.78916931152344,38677300,0.0,0.0
2024-08-26 00:00:00-04:00,225.7095414433551,226.22713682494347,222.85284141893553,226.12759399414062,30602200,0.0,0.0
2024-08-27 00:00:00-04:00,224.9530683997657,227.7898720189865,223.84820980142854,226.97366333007812,35934600,0.0,0.0
2024-08-28 00:00:00-04:00,226.86416416696267,228.79517959293358,224.63453544627717,225.4407958984375,38052200,0.0,0.0
2024-08-29 00:00:00-04:00,229.03408635152135,231.8410150307569,227.8197366882459,228.7255096435547,51906300,0.0,0.0
2024-08-30 00:00:00-04:00,229.123652992766,229.33267166766268,226.42620031745173,227.9391632080078,52990800,0.0,0.0
2024-09-03 00:00:00-04:00,227.49124477575393,227.93915711237167,220.14542777805318,221.73802185058594,50190600,0.0,0.0
2024-09-04 00:00:00-04:00,220.63318011937469,220.75261936807303,216.47253576183732,219.82693481445312,43840200,0.0,0.0
2024-09-05 00:00:00-04:00,220.60331260233696,224.43546851590304,220.49382156548631,221.34983825683594,36615400,0.0,0.0
2024-09-06 00:00:00-04:00,222.91254804497814,224.1965806221913,218.75191919539128,219.79705810546875,48423000,0.0,0.0
2024-09-09 00:00:00-04:00,219.79706302441255,220.24497537072617,215.7061019102892,219.8866424560547,67180000,0.0,0.0
2024-09-10 00:00:00-04:00,217.905857501112,220.45399594379384,215.72600018375593,219.09034729003906,51591000,0.0,0.0
2024-09-11 00:00:00-04:00,220.43411720557373,222.0565560791085,216.88064755383493,221.62855529785156,44587100,0.0,0.0
2024-09-12 00:00:00-04:00,221.46926837337423,222.5144072842174,218.80169076819996,221.73802185058594,37455600,0.0,0.0
2024-09-13 00:00:00-04:00,222.54425218878313,223.0021127020009,220.8819904005155,221.46925354003906,36766600,0.0,0.0
2024-09-16 00:00:00-04:00,215.5368837592455,216.21374159471785,212.92902562434276,215.3179168701172,59357400,0.0,0.0
2024-09-17 00:00:00-04:00,214.75053008791312,215.89519659483264,213.50632075947794,215.78570556640625,45519300,0.0,0.0
2024-09-18 00:00:00-04:00,216.54221012404864,221.67831024616868,216.5322467283196,219.66766357421875,59894900,0.0,0.0
2024-09-19 00:00:00-04:00,223.94775287051627,228.75538000957175,223.58941994126667,227.8097686767578,66781300,0.0,0.0
2024-09-20 00:00:00-04:00,228.90467282845125,232.01021467188832,226.56555305015522,227.1428680419922,318679900,0.0,0.0
2024-09-23 00:00:00-04:00,226.28686337720748,228.3870895913876,224.76395218553373,225.4208984375,54146000,0.0,0.0
2024-09-24 00:00:00-04:00,227.59078065470555,228.28755007923567,224.6843092769655,226.31671142578125,43556100,0.0,0.0
2024-09-25 00:00:00-04:00,223.88800321688734,226.23707111110926,222.9822303399746,225.3213348388672,42308700,0.0,0.0
2024-09-26 00:00:00-04:00,226.24703661091274,227.44147457763864,224.36579263659118,226.4660186767578,36636700,0.0,0.0
2024-09-27 00:00:00-04:00,227.40166606122023,228.45675318264773,226.24703611440785,226.73475646972656,34026000,0.0,0.0
2024-09-30 00:00:00-04:00,228.97432934379907,231.92062377929688,228.58613663255096,231.92062377929688,54541900,0.0,0.0
2024-10-01 00:00:00-04:00,228.45675818805825,228.5861456381701,222.70353511874544,225.16209411621094,63285000,0.0,0.0
2024-10-02 00:00:00-04:00,224.84356992020335,226.31670960653594,221.98686997976517,225.7294464111328,32880600,0.0,0.0
2024-10-03 00:00:00-04:00,224.09704443839323,225.75930638603796,222.28548343692833,224.6245880126953,34044200,0.0,0.0
2024-10-04 00:00:00-04:00,226.8442543024003,226.9437971307691,223.09172964492672,225.74935913085938,37245100,0.0,0.0
2024-10-07 00:00:00-04:00,223.4600206171574,224.64451046166124,220.3047072265611,220.6630401611328,39505400,0.0,0.0
2024-10-08 00:00:00-04:00,223.26095999623888,224.93317030599542,222.21582095858878,224.72415161132812,31855700,0.0,0.0
2024-10-09 00:00:00-04:00,224.18662246797504,228.68568791487783,223.78848153487698,228.47665405273438,33591100,0.0,0.0
2024-10-10 00:00:00-04:00,226.72481576308653,228.43684913724616,226.11764095959848,227.97897338867188,28183500,0.0,0.0
2024-10-11 00:00:00-04:00,228.23778864704394,228.34727968813561,226.28686151162026,226.4958953857422,31759200,0.0,0.0
2024-10-14 00:00:00-04:00,227.64055393917852,230.65651637799863,227.54102629778745,230.228515625,39882100,0.0,0.0
2024-10-15 00:00:00-04:00,232.527799450427,236.38983016358188,231.29353829774286,232.76669311523438,64751400,0.0,0.0
2024-10-16 00:00:00-04:00,230.52712470524975,231.0447048824563,228.7752681420796,230.70628356933594,34082200,0.0,0.0
2024-10-17 00:00:00-04:00,232.348623602913,232.76669131010934,229.45211577861204,231.07455444335938,32993800,0.0,0.0
2024-10-18 00:00:00-04:00,235.0858880500012,235.0858880500012,232.92594240501305,233.91136169433594,46431500,0.0,0.0
2024-10-21 00:00:00-04:00,233.36391138062547,235.75280253487685,233.36391138062547,235.38450622558594,36254500,0.0,0.0
2024-10-22 00:00:00-04:00,232.80651969699693,235.12572795126604,231.52250221800776,234.76739501953125,38846600,0.0,0.0
2024-10-23 00:00:00-04:00,232.99563706556216,234.05072423456664,226.7049068825192,229.69100952148438,52287000,0.0,0.0
2024-10-24 00:00:00-04:00,228.9146289407981,229.75074924052936,227.35190975750177,229.5019073486328,31109500,0.0,0.0
2024-10-25 00:00:00-04:00,228.6757506783198,232.13962556438537,228.5065400142299,230.3380126953125,38802300,0.0,0.0
2024-10-28 00:00:00-04:00,232.23917058038825,233.6426273223557,231.4727332926884,232.31878662109375,36087100,0.0,0.0
2024-10-29 00:00:00-04:00,232.02018805231754,233.24448591818899,231.24380255804743,232.58753967285156,35417200,0.0,0.0
2024-10-30 00:00:00-04:00,231.53245531359053,232.38847204702165,228.48663292359964,229.03408813476562,47070900,0.0,0.0
2024-10-31 00:00:00-04:00,228.27758291037028,228.76531846185907,224.32597264925337,224.8634796142578,64370100,0.0,0.0
2024-11-01 00:00:00-04:00,219.9463649274566,224.30607958110733,219.2496106921502,221.87738037109375,65276700,0.0,0.0
2024-11-04 00:00:00-05:00,219.9662881225475,221.75793762543637,218.69221882853125,220.98155212402344,44944500,0.0,0.0
2024-11-05 00:00:00-05:00,220.7725208689619,222.91255498009295,220.11557465497725,222.4148712158203,28111300,0.0,0.0
2024-11-06 00:00:00-05:00,221.5787719009408,225.02275032206146,220.16535179621147,221.68826293945312,54561100,0.0,0.0
2024-11-07 00:00:00-05:00,223.5894200604507,226.82436463330757,223.52970043689453,226.42620849609375,42137700,0.0,0.0
2024-11-08 00:00:00-05:00,226.366414165256,227.8511489598711,225.60910803907555,226.15716552734375,38328800,0.25,0.0
2024-11-11 00:00:00-05:00,224.20409384410638,224.90161465065876,220.7164746065314,223.4368133544922,42005600,0.0,0.0
2024-11-12 00:00:00-05:00,223.75568869738083,224.79200315214243,222.5698957238352,223.4368133544922,40398300,0.0,0.0
2024-11-13 00:00:00-05:00,223.2175800878685,225.84824072641777,221.97200184604,224.3236541748047,48566200,0.0,0.0
2024-11-14 00:00:00-05:00,224.22402706703753,228.06039910056816,224.20409355692922,227.41270446777344,44923900,0.0,0.0
2024-11-15 00:00:00-05:00,225.59914322363005,226.11730807125568,223.47668806811174,224.2041015625,47923700,0.0,0.0
2024-11-18 00:00:00-05:00,224.45320372664565,228.92732633570628,224.3734848929754,227.21340942382812,44633700,0.0,0.0
2024-11-19 00:00:00-05:00,226.17708394083317,229.34584301691135,225.8582238051146,227.4724884033203,36211800,0.0,0.0
2024-11-20 00:00:00-05:00,227.25326410482543,229.11664435033194,225.0909420304879,228.18994140625,35169600,0.0,0.0
2024-11-21 00:00:00-05:00,228.07038183414417,229.3458528412815,224.91159698015457,227.71165466308594,42108300,0.0,0.0
2024-11-22 00:00:00-05:00,227.2532745036032,229.90386885981255,227.2532745036032,229.05686950683594,38168300,0.0,0.0
2024-11-25 00:00:00-05:00,230.64124862727573,232.42491005721112,228.92733167542056,232.04624938964844,90152800,0.0,0.0
2024-11-26 00:00:00-05:00,232.50463944229026,234.73672132395913,232.50463944229026,234.228515625,45986200,0.0,0.0
2024-11-27 00:00:00-05:00,233.6405889619916,234.85627456038557,232.98291999142185,234.0989532470703,33498400,0.0,0.0
2024-11-29 00:00:00-05:00,233.97938842310504,236.96877632211965,233.14236346053607,236.490478515625,28481400,0.0,0.0
2024-12-02 00:00:00-05:00,236.43067691527065,239.93821419453454,236.32106542499292,238.74246215820312,48137100,0.0,0.0
2024-12-03 00:00:00-05:00,238.96170621081686,241.90126799408412,238.05492154808562,241.79165649414062,38861000,0.0,0.0
2024-12-04 00:00:00-05:00,242.01088645785893,243.2465056559754,240.3966217802532,242.150390625,44383900,0.0,0.0
2024-12-05 00:00:00-05:00,243.12691898237586,243.6749612569442,241.27349790971317,242.18026733398438,40033900,0.0,0.0
2024-12-06 00:00:00-05:00,242.0507319698173,243.7646488451358,241.2236661935451,241.98097229003906,36870600,0.0,0.0
2024-12-09 00:00:00-05:00,240.97455722335047,246.36542364679892,240.89483838917155,245.8771514892578,44649200,0.0,0.0
2024-12-10 00:00:00-05:00,246.0166626912396,247.33200068563022,244.47214254503118,246.8935546875,36914800,0.0,0.0
2024-12-11 00:00:00-05:00,247.08288910248365,249.91283942191654,245.38889040813984,245.6180877685547,45205800,0.0,0.0
2024-12-12 00:00:00-05:00,246.0166482138882,247.8601100871407,244.81092178998352,247.08287048339844,32777500,0.0,0.0
2024-12-13 00:00:00-05:00,246.9433725816478,248.40815863747187,245.36895982515324,247.2522735595703,33155300,0.0,0.0
2024-12-16 00:00:00-05:00,247.1127786134494,250.490786396497,246.7739697560149,250.1519775390625,51694800,0.0,0.0
2024-12-17 00:00:00-05:00,249.1953766416157,252.93211150871377,248.89643481128522,252.58334350585938,51356400,0.0,0.0
2024-12-18 00:00:00-05:00,251.26802371656945,253.38051965426092,246.86366065893745,247.1725616455078,56774100,0.0,0.0
2024-12-19 00:00:00-05:00,246.6245097734382,251.1085917693189,246.21595643132494,248.90640258789062,60882300,0.0,0.0
2024-12-20 00:00:00-05:00,247.1625865233097,254.09797318748596,244.82090844231297,253.58978271484375,147495300,0.0,0.0
2024-12-23 00:00:00-05:00,253.8687883386418,254.7456651132031,252.55345036958022,254.3670196533203,40858800,0.0,0.0
2024-12-24 00:00:00-05:00,254.58626151312842,257.2966260773909,254.386956808638,257.28668212890625,23234700,0.0,0.0
2024-12-26 00:00:00-05:00,257.27667867815336,259.1799258751944,256.7186620602343,258.1037292480469,27237100,0.0,0.0
2024-12-27 00:00:00-05:00,256.91793375888693,257.78488174803636,252.16481819720389,254.6858673095703,42355300,0.0,0.0
2024-12-30 00:00:00-05:00,251.33776924994547,252.60328106925755,249.86300878941353,251.30787658691406,35557500,0.0,0.0
