Date,Open,High,Low,Close,Volume,Dividends,Stock Splits
2021-01-04 00:00:00-05:00,213.92603952860762,214.37786849670263,206.50452649503688,209.27317810058594,37130100,0.0,0.0
2021-01-05 00:00:00-05:00,208.85976716508725,210.0710594090714,207.36008597617078,209.4750213623047,23823000,0.0,0.0
2021-01-06 00:00:00-05:00,203.96659419117705,208.1195714660329,203.7454910869233,204.0435028076172,35930700,0.0,0.0
2021-01-07 00:00:00-05:00,205.76429862560525,210.85938106284232,205.44707073489354,209.8499755859375,27694500,0.0,0.0
2021-01-08 00:00:00-05:00,210.2248973348111,212.05144408339618,208.63869919547895,211.12855529785156,22956200,0.0,0.0
2021-01-11 00:00:00-05:00,210.02300695772928,210.4459970034863,208.35027759554967,209.08090209960938,23031300,0.0,0.0
2021-01-12 00:00:00-05:00,208.12917712293333,208.70598440512015,205.0721366662714,206.619873046875,23249300,0.0,0.0
2021-01-13 00:00:00-05:00,205.74506591051468,208.37911628016133,205.65853455119372,207.97535705566406,20087100,0.0,0.0
2021-01-14 00:00:00-05:00,207.5620431969496,209.05211681525142,204.51461007334788,204.78378295898438,29480800,0.0,0.0
2021-01-15 00:00:00-05:00,205.26435033576757,206.21606304760525,203.83195522790322,204.427978515625,31746500,0.0,0.0
2021-01-19 00:00:00-05:00,205.48549221860986,208.59060221597767,204.40880100018782,208.0714874267578,30480900,0.0,0.0
2021-01-20 00:00:00-05:00,209.28277771906542,217.05997996557417,208.88862656387894,215.66604614257812,37777300,0.0,0.0
2021-01-21 00:00:00-05:00,216.01208752507486,217.55023021829834,213.82024372196176,216.2716522216797,30709400,0.0,0.0
2021-01-22 00:00:00-05:00,218.30010489062968,221.17450381399632,217.06959641111914,217.2137908935547,30172700,0.0,0.0
2021-01-25 00:00:00-05:00,220.26121386318684,220.89569889665592,215.55067516485178,220.65536499023438,33152100,0.0,0.0
2021-01-26 00:00:00-05:00,222.8952780175176,225.12556903391163,221.184101782989,223.34710693359375,49169600,0.0,0.0
2021-01-27 00:00:00-05:00,228.79789854562574,231.1435600205835,221.2417992926183,223.89508056640625,69870600,0.0,0.0
2021-01-28 00:00:00-05:00,226.5002982458668,233.25848684590053,226.0003995892036,229.69192504882812,49111200,0.0,0.0
2021-01-29 00:00:00-05:00,226.8656060692636,228.8171162716666,222.40500922536845,222.99142456054688,42503100,0.0,0.0
2021-02-01 00:00:00-05:00,225.97152200382718,233.12386052530476,223.44320492555232,230.38404846191406,33314200,0.0,0.0
2021-02-02 00:00:00-05:00,231.97029548956272,232.9412392161706,229.4612088540299,230.24949645996094,25916300,0.0,0.0
2021-02-03 00:00:00-05:00,230.30719416490047,235.61375651700394,230.00916778453657,233.6045684814453,27158100,0.0,0.0
2021-02-04 00:00:00-05:00,233.2777089960579,233.83528542530067,231.07624217466682,232.65283203125,25296100,0.0,0.0
2021-02-05 00:00:00-05:00,232.86434915222415,233.87375459980734,231.12433383255606,232.83551025390625,18054800,0.0,0.0
2021-02-08 00:00:00-05:00,233.74876347372876,234.258270207897,231.4992415150819,233.09506225585938,22211900,0.0,0.0
2021-02-09 00:00:00-05:00,232.5182108433032,235.2964698294735,232.04716584008827,234.34475708007812,23565000,0.0,0.0
2021-02-10 00:00:00-05:00,235.5272231317253,236.41165012771697,231.57613320998735,233.4315185546875,22186700,0.0,0.0
2021-02-11 00:00:00-05:00,235.3157376694766,235.67142716359078,232.78742023275922,235.03695678710938,15751100,0.0,0.0
2021-02-12 00:00:00-05:00,234.49859580039447,235.8156356029803,233.34499596529108,235.5176239013672,16561100,0.0,0.0
2021-02-16 00:00:00-05:00,235.55607452010733,236.61354960880325,233.52765570002188,234.27749633789062,26728500,0.0,0.0
2021-02-17 00:00:00-05:00,232.52383013252495,235.4048344432104,232.15767652677806,235.29884338378906,21653500,0.56,0.0
2021-02-18 00:00:00-05:00,232.98635382533212,235.0387049829985,232.08061462497622,234.90380859375,16925600,0.0,0.0
2021-02-19 00:00:00-05:00,234.8652516018974,234.97124266251927,231.42537193657122,232.18658447265625,25262600,0.0,0.0
2021-02-22 00:00:00-05:00,228.7660156487048,229.2574208051001,223.92899103069783,225.9620819091797,36446900,0.0,0.0
2021-02-23 00:00:00-05:00,221.93441903027252,226.27039297069203,220.3927335259712,224.7672576904297,30228700,0.0,0.0
2021-02-24 00:00:00-05:00,221.6260859908562,226.62691184556778,220.65290597795175,226.0006103515625,26339700,0.0,0.0
2021-02-25 00:00:00-05:00,223.6206454640999,226.0391502353063,219.57373913394193,220.64328002929688,39542200,0.0,0.0
2021-02-26 00:00:00-05:00,223.09067530726543,226.79070286617392,221.17320598719547,223.90969848632812,37819200,0.0,0.0
2021-03-01 00:00:00-05:00,227.30138207369913,228.81416225129144,224.6516202387032,228.30348205566406,25324000,0.0,0.0
2021-03-02 00:00:00-05:00,228.37092841617996,228.65036608626744,224.94069354651947,225.3453826904297,22812500,0.0,0.0
2021-03-03 00:00:00-05:00,223.69776233461502,225.06600151406744,218.97635870710167,219.2654266357422,34029500,0.0,0.0
2021-03-04 00:00:00-05:00,218.47528211448403,224.01569334198643,216.08566807744373,218.46563720703125,44727800,0.0,0.0
2021-03-05 00:00:00-05:00,221.15395671882018,224.7672685097658,218.20549664982508,223.15814208984375,41872800,0.0,0.0
2021-03-08 00:00:00-05:00,222.9365171850772,224.8636168253928,218.85107535727434,219.10159301757812,35267400,0.0,0.0
2021-03-09 00:00:00-05:00,224.39144766882563,226.80032179889255,223.22554612072886,225.25863647460938,33080500,0.0,0.0
2021-03-10 00:00:00-05:00,228.36128646522027,228.36128646522027,223.58207332574838,223.94822692871094,29746800,0.0,0.0
2021-03-11 00:00:00-05:00,226.39568605118393,230.45222280853406,225.76936980823757,228.48658752441406,29907600,0.0,0.0
2021-03-12 00:00:00-05:00,225.4802632973493,227.22430063000746,224.72869569658027,227.15684509277344,22653700,0.0,0.0
2021-03-15 00:00:00-04:00,226.3956551753094,226.6172675005386,223.360464648673,226.25111389160156,26034900,0.0,0.0
2021-03-16 00:00:00-04:00,227.66752641282557,231.30974317417687,227.33992303701345,229.04541015625,28092200,0.0,0.0
2021-03-17 00:00:00-04:00,227.54226736123874,229.85479558056207,224.72870385827406,228.3998260498047,29562100,0.0,0.0
2021-03-18 00:00:00-04:00,224.0831392862076,225.65373016609632,221.93442734749217,222.31021118164062,34833000,0.0,0.0
2021-03-19 00:00:00-04:00,222.59928144301026,223.99642572837095,220.99015502303175,221.95370483398438,46430700,0.0,0.0
2021-03-22 00:00:00-04:00,221.87660163832476,228.26492638484754,221.7513354679177,227.3881072998047,30127000,0.0,0.0
2021-03-23 00:00:00-04:00,228.8334500612015,232.26368503825154,228.42876090462175,228.920166015625,31638400,0.0,0.0
2021-03-24 00:00:00-04:00,229.18030941662,229.32483599524002,226.7425297732149,226.87742614746094,25620100,0.0,0.0
2021-03-25 00:00:00-04:00,226.72326863404157,228.3034897022799,223.12923203238185,223.87115478515625,34061900,0.0,0.0
2021-03-26 00:00:00-04:00,223.10995145759244,228.0818717832289,223.10995145759244,227.86024475097656,25479900,0.0,0.0
2021-03-29 00:00:00-04:00,227.96624975182988,228.16860168438848,223.42793830588067,226.66546630859375,25227500,0.0,0.0
2021-03-30 00:00:00-04:00,225.01775850125983,225.32610146009205,222.67633980585904,223.3990020751953,24792000,0.0,0.0
2021-03-31 00:00:00-04:00,224.4203943599418,230.38477015809215,223.91934433177798,227.1761474609375,43623500,0.0,0.0
2021-04-01 00:00:00-04:00,229.77771851430987,233.98842637192715,229.37302936873,233.51629638671875,30338000,0.0,0.0
2021-04-05 00:00:00-04:00,233.9113219956121,240.84889166046807,233.85351136550526,239.9913330078125,36910600,0.0,0.0
2021-04-06 00:00:00-04:00,238.58456726121224,240.30931493909185,237.88118002189182,238.82545471191406,22931900,0.0,0.0
2021-04-07 00:00:00-04:00,238.7772763423201,241.78354704819517,238.17988016425605,240.7910919189453,22719800,0.0,0.0
2021-04-08 00:00:00-04:00,243.5564669257725,244.87652533779865,242.8145295243861,244.0189666748047,23625200,0.0,0.0
2021-04-09 00:00:00-04:00,243.6528418652881,246.65912734571288,243.23852249383873,246.52423095703125,24326800,0.0,0.0
2021-04-12 00:00:00-04:00,245.42577443800744,248.27788829668532,245.3390437825906,246.58203125,27148700,0.0,0.0
2021-04-13 00:00:00-04:00,247.88284565910578,249.74248982614807,247.4684968725748,249.0679931640625,23837500,0.0,0.0
2021-04-14 00:00:00-04:00,248.0948201880165,249.39558893106727,245.85937753080964,246.27369689941406,23070900,0.0,0.0
2021-04-15 00:00:00-04:00,248.5284334986232,250.455533413762,248.335741150236,250.0412139892578,25627500,0.0,0.0
2021-04-16 00:00:00-04:00,250.01224908665404,251.48647899420502,248.21041580022555,251.23594665527344,24878600,0.0,0.0
2021-04-19 00:00:00-04:00,250.7060427389664,251.94903030329314,248.4224342545299,249.3088836669922,23209300,0.0,0.0
2021-04-20 00:00:00-04:00,248.4223797923588,250.71563268239618,247.47809054198993,248.84634399414062,19722900,0.0,0.0
2021-04-21 00:00:00-04:00,249.50164142213325,251.17820902637308,247.873239556208,251.08184814453125,24030400,0.0,0.0
2021-04-22 00:00:00-04:00,250.7252822460007,252.23806247127882,246.32186735766558,247.79611206054688,25606200,0.0,0.0
2021-04-23 00:00:00-04:00,248.48029019698873,251.97798156359013,247.89250937909358,251.63108825683594,21462600,0.0,0.0
2021-04-26 00:00:00-04:00,252.12243948254556,252.8740071362848,250.6867597170553,252.0164337158203,19763300,0.0,0.0
2021-04-27 00:00:00-04:00,252.04534404118542,253.59667451171134,250.638569564994,252.421142578125,31014200,0.0,0.0
2021-04-28 00:00:00-04:00,246.7458045014703,247.18905855365446,243.72990381278854,245.28121948242188,46903100,0.0,0.0
2021-04-29 00:00:00-04:00,246.14843764309805,246.76510892515492,239.92389948451506,243.3059539794922,40589000,0.0,0.0
2021-04-30 00:00:00-04:00,240.63689674266536,243.8551490698996,240.50200037872744,242.98794555664062,30945100,0.0,0.0
2021-05-03 00:00:00-04:00,244.16351722830558,245.0789013145946,241.9666248264187,242.67965698242188,19626600,0.0,0.0
2021-05-04 00:00:00-04:00,241.82209157802384,242.0533488201837,236.80199071116783,238.75799560546875,32756100,0.0,0.0
2021-05-05 00:00:00-04:00,239.98172031267046,240.40568459382968,236.85982824705025,237.4861297607422,21901300,0.0,0.0
2021-05-06 00:00:00-04:00,237.46684663242817,240.75255499791135,235.77100426763195,240.62728881835938,26491100,0.0,0.0
2021-05-07 00:00:00-04:00,242.95909968292804,245.0307407748161,242.01482490434623,243.2578125,27032900,0.0,0.0
2021-05-10 00:00:00-04:00,241.72572808374886,242.55438148087032,238.11241641652208,238.17022705078125,29299900,0.0,0.0
2021-05-11 00:00:00-04:00,235.6361412261887,237.61142154755464,233.72831645800457,237.25489807128906,33641600,0.0,0.0
2021-05-12 00:00:00-04:00,233.34288845144533,235.4723402993621,229.39234249791417,230.28843688964844,36684400,0.0,0.0
2021-05-13 00:00:00-04:00,232.98631627818247,236.64780801391828,232.6201626938285,234.17147827148438,29624300,0.0,0.0
2021-05-14 00:00:00-04:00,236.6285734518454,240.09734408331312,236.54185749414458,239.10488891601562,23901100,0.0,0.0
2021-05-17 00:00:00-04:00,237.56323746036142,237.6017729882981,234.64368235753875,236.2431640625,24970200,0.0,0.0
2021-05-18 00:00:00-04:00,237.29340691705676,237.4283032972884,234.04623418149055,234.2196807861328,20168000,0.0,0.0
2021-05-19 00:00:00-04:00,231.11954918173777,234.90538436974762,230.43385737322748,234.7991485595703,25739800,0.56,0.0
2021-05-20 00:00:00-04:00,235.6103869428777,239.46381831338093,235.51380358455043,238.04412841796875,21800700,0.0,0.0
2021-05-21 00:00:00-04:00,239.09685992167127,239.8308434203437,236.36371563375428,236.77899169921875,21863100,0.0,0.0
2021-05-24 00:00:00-04:00,239.30930407821415,242.56397480609962,239.0388883437946,242.1969757080078,21411500,0.0,0.0
2021-05-25 00:00:00-04:00,243.1531195669874,244.09957472157194,242.23563647676897,243.10482788085938,17704300,0.0,0.0
2021-05-26 00:00:00-04:00,242.82473156759428,244.28306083094176,242.16801182939886,242.8826904296875,17771600,0.0,0.0
2021-05-27 00:00:00-04:00,242.57359346087833,242.87298121538873,240.71930808175395,240.77725219726562,24426200,0.0,0.0
2021-05-28 00:00:00-04:00,242.4094580171836,243.45249649735703,241.01874004361903,241.13462829589844,18270200,0.0,0.0
2021-06-01 00:00:00-04:00,242.63156646330611,242.6895105857164,238.50771922855193,238.93264770507812,23213300,0.0,0.0
2021-06-02 00:00:00-04:00,239.63770018013474,240.7386828366705,237.42606768789702,238.8361053466797,19406700,0.0,0.0
2021-06-03 00:00:00-04:00,236.82731737156632,237.90898052201237,234.68329595796422,237.30055236816406,25307700,0.0,0.0
2021-06-04 00:00:00-04:00,239.2803383111711,243.03720136663765,239.0388946321911,242.20663452148438,25281100,0.0,0.0
2021-06-07 00:00:00-04:00,241.42434183616524,245.3936762199527,241.26016191476182,245.12326049804688,23079200,0.0,0.0
2021-06-08 00:00:00-04:00,246.42708853723312,247.24800296865635,243.8677766099774,243.9257354736328,22455000,0.0,0.0
2021-06-09 00:00:00-04:00,245.12329927133203,246.78443310382474,244.54384323411264,244.91082763671875,17937600,0.0,0.0
2021-06-10 00:00:00-04:00,245.58683497315405,248.6483389164334,244.98805939193187,248.4358673095703,24563600,0.0,0.0
2021-06-11 00:00:00-04:00,249.16022882734407,249.64311622270577,247.82745490044852,249.0636749267578,18999700,0.0,0.0
2021-06-14 00:00:00-04:00,249.07325155986953,251.053107079254,248.01089365594376,250.9951629638672,19150500,0.0,0.0
2021-06-15 00:00:00-04:00,250.87924750100984,251.09171908369294,248.86078220207082,249.5175018310547,18038900,0.0,0.0
2021-06-16 00:00:00-04:00,250.52196031099743,251.66156742450917,245.71240625795707,248.57110595703125,27220000,0.0,0.0
2021-06-17 00:00:00-04:00,247.30591779576557,252.79151064764056,247.24797367552839,251.97059631347656,27565500,0.0,0.0
2021-06-18 00:00:00-04:00,250.74407003411417,253.32267177206154,249.89418365035087,250.5509033203125,37202200,0.0,0.0
2021-06-21 00:00:00-04:00,250.9276240531391,254.50097324951585,249.09265776601498,253.64144897460938,26696100,0.0,0.0
2021-06-22 00:00:00-04:00,253.72836207780614,256.69329785095465,253.41930706163052,256.4228820800781,24694100,0.0,0.0
2021-06-23 00:00:00-04:00,256.88639899107653,257.69764618957555,255.37979284056348,256.1910400390625,19518700,0.0,0.0
2021-06-24 00:00:00-04:00,257.05057958881,258.6827410747314,256.3841927348846,257.56243896484375,21446900,0.0,0.0
2021-06-25 00:00:00-04:00,257.11823948352804,258.103319184033,255.6985493272397,255.9496307373047,25611100,0.0,0.0
2021-06-28 00:00:00-04:00,257.07960114345985,259.69684264758814,256.80918537336294,259.52301025390625,19590000,0.0,0.0
2021-06-29 00:00:00-04:00,259.66788832997133,262.35274132840755,258.8083640092798,262.1112976074219,19937800,0.0,0.0
2021-06-30 00:00:00-04:00,261.4255829956221,262.07263560674545,260.3728920002913,261.6283874511719,21656500,0.0,0.0
2021-07-01 00:00:00-04:00,260.38247086463474,262.5361587924696,260.3728331605251,262.30438232421875,16725300,0.0,0.0
2021-07-02 00:00:00-04:00,263.48263005971666,268.485335349886,263.1735751181436,268.1473083496094,26458000,0.0,0.0
2021-07-06 00:00:00-04:00,268.51440598750753,269.80854087321734,264.91205484296137,268.1570739746094,31565600,0.0,0.0
2021-07-07 00:00:00-04:00,269.83747524788464,271.0833330016929,267.6644819315975,270.3493347167969,23260000,0.0,0.0
2021-07-08 00:00:00-04:00,267.4230102236361,269.1903944407324,265.46248874918336,267.92523193359375,24618600,0.0,0.0
2021-07-09 00:00:00-04:00,266.28343840641656,268.5336808014434,265.89713436744273,268.4274597167969,23916700,0.0,0.0
2021-07-12 00:00:00-04:00,269.60569640968833,270.19480488995174,267.1139809234751,267.82867431640625,18931700,0.0,0.0
2021-07-13 00:00:00-04:00,268.02177128034975,273.16936668942884,267.8962453327776,271.3633728027344,26120100,0.0,0.0
2021-07-14 00:00:00-04:00,272.68650643884115,273.95166900294385,270.94809420573137,272.8410339355469,23113700,0.0,0.0
2021-07-15 00:00:00-04:00,272.3484848336769,272.8410393972171,270.25274061696695,271.41168212890625,22604200,0.0,0.0
2021-07-16 00:00:00-04:00,272.4160343131593,274.37655547016755,269.8953474123771,271.1412048339844,26186800,0.0,0.0
2021-07-19 00:00:00-04:00,269.3835065978364,270.77422440288206,265.056855180452,267.52923583984375,32935600,0.0,0.0
2021-07-20 00:00:00-04:00,268.5143352713567,271.3537152113503,266.80492468426036,269.76019287109375,26259700,0.0,0.0
2021-07-21 00:00:00-04:00,269.3545452968825,271.88487017645934,267.7996622499302,271.76898193359375,24364300,0.0,0.0
2021-07-22 00:00:00-04:00,274.1255324160335,276.6172480569608,273.71992348023304,276.3468322753906,23384100,0.0,0.0
2021-07-23 00:00:00-04:00,277.5346515878261,280.0649764107566,276.69443237275715,279.7559509277344,22768100,0.0,0.0
2021-07-26 00:00:00-04:00,279.10891909383747,279.7753060682077,276.8297046974641,279.1571960449219,23176100,0.0,0.0
2021-07-27 00:00:00-04:00,279.52410519288435,279.66896547260717,273.2659053240693,276.7330322265625,33604100,0.0,0.0
2021-07-28 00:00:00-04:00,279.09922711416823,280.2195293269949,274.11582601839666,276.4240417480469,33566900,0.0,0.0
2021-07-29 00:00:00-04:00,276.4433776384405,278.7419264472982,276.288850129018,276.6944885253906,18168300,0.0,0.0
2021-07-30 00:00:00-04:00,275.4100159116341,276.8490109491029,274.1931302179792,275.1589050292969,20944800,0.0,0.0
2021-08-02 00:00:00-04:00,276.559262967125,276.9552341796098,274.02893765754214,275.0719909667969,16267400,0.0,0.0
2021-08-03 00:00:00-04:00,275.65138333201537,277.3994328989048,274.27997051129483,277.2931823730469,17879000,0.0,0.0
2021-08-04 00:00:00-04:00,276.42404915109404,277.74715583824053,274.9077757253848,276.7041320800781,16191300,0.0,0.0
2021-08-05 00:00:00-04:00,277.06142383162046,279.71730399952617,276.3081208174658,279.6110534667969,13900200,0.0,0.0
2021-08-06 00:00:00-04:00,278.63563242237024,279.5917398214554,277.7760789024282,279.5531005859375,16589300,0.0,0.0
2021-08-09 00:00:00-04:00,279.83329696760063,281.5716801206908,277.9596911719012,278.4618835449219,16117600,0.0,0.0
2021-08-10 00:00:00-04:00,278.91568848390904,279.35029883659456,275.43892355483007,276.636474609375,18616600,0.0,0.0
2021-08-11 00:00:00-04:00,277.3801402153559,278.7805253038503,276.0763384903963,277.1290588378906,13955900,0.0,0.0
2021-08-12 00:00:00-04:00,276.82007809014544,280.04576288003227,276.5399951027244,279.8912353515625,14561300,0.0,0.0
2021-08-13 00:00:00-04:00,279.57249216508205,282.8754253869532,279.3986303062148,282.8271484375,18249000,0.0,0.0
2021-08-16 00:00:00-04:00,283.15546614888757,284.7296835116026,280.09394760339165,284.5172119140625,22507600,0.0,0.0
2021-08-17 00:00:00-04:00,282.38289789800046,283.3872824337196,281.1177058396398,283.04925537109375,20075300,0.0,0.0
2021-08-18 00:00:00-04:00,282.5847535147811,285.2747454570945,280.8720411523662,281.3171691894531,21813000,0.56,0.0
2021-08-19 00:00:00-04:00,279.34332511355393,287.839061137525,279.2949557339949,287.1617126464844,29850500,0.0,0.0
2021-08-20 00:00:00-04:00,290.0161620223418,295.9380140450742,288.40990321723297,294.50592041015625,40817600,0.0,0.0
2021-08-23 00:00:00-04:00,293.4318927580328,295.51227784777274,292.0772254574719,294.78656005859375,22830200,0.0,0.0
2021-08-24 00:00:00-04:00,295.14455649009165,295.75416411720346,292.22234368388376,292.822265625,18175800,0.0,0.0
2021-08-25 00:00:00-04:00,294.4478620221924,294.7284811462343,290.693507101477,292.2320251464844,20006100,0.0,0.0
2021-08-26 00:00:00-04:00,291.2450342127576,292.6384146370942,289.27110321955627,289.40655517578125,17666100,0.0,0.0
2021-08-27 00:00:00-04:00,289.3097679469551,291.1289050222775,287.2196974474057,290.0161437988281,22605700,0.0,0.0
2021-08-30 00:00:00-04:00,291.3708023601306,294.37044130921845,291.31274730875384,293.7608337402344,16348100,0.0,0.0
2021-08-31 00:00:00-04:00,294.5640040245376,294.6414009234125,291.7385299783542,292.1062316894531,26285300,0.0,0.0
2021-09-01 00:00:00-04:00,293.0641370435522,295.3090307450356,291.72881183267793,292.05780029296875,18983800,0.0,0.0
2021-09-02 00:00:00-04:00,292.4157719346199,293.53818897227757,290.4611539773287,291.3997497558594,16285600,0.0,0.0
2021-09-03 00:00:00-04:00,291.2450305839683,292.8029200030928,290.53868422414,291.39019775390625,14747900,0.0,0.0
2021-09-07 00:00:00-04:00,291.264417395407,291.34181429788396,288.5453971793564,290.4612731933594,17180400,0.0,0.0
2021-09-08 00:00:00-04:00,290.0742243166977,290.8773389745254,287.8390159882199,290.49029541015625,15046800,0.0,0.0
2021-09-09 00:00:00-04:00,291.08055265822435,292.3578229597053,287.38422323857367,287.6261291503906,19927000,0.0,0.0
2021-09-10 00:00:00-04:00,288.7582677272122,290.20970322785337,285.81668351097755,286.135986328125,19633400,0.0,0.0
2021-09-13 00:00:00-04:00,287.9164091252672,288.8743766317561,284.5587538333427,287.3745422363281,23652900,0.0,0.0
2021-09-14 00:00:00-04:00,289.86129826524393,291.6320658371256,288.44857619930013,290.0838623046875,21853400,0.0,0.0
2021-09-15 00:00:00-04:00,293.44152890282754,295.4348310648799,292.04814862048624,294.9510192871094,28356300,0.0,0.0
2021-09-16 00:00:00-04:00,293.9253819269781,295.4251868367225,291.02251085299673,295.3381042480469,19550800,0.0,0.0
2021-09-17 00:00:00-04:00,294.32208461521674,294.641387411537,289.83229691858133,290.1612854003906,41372500,0.0,0.0
2021-09-20 00:00:00-04:00,286.73585039423017,289.0484846659132,280.1463369138932,284.7715759277344,38278700,0.0,0.0
2021-09-21 00:00:00-04:00,286.116600717477,287.90671013366995,284.54905534130063,285.2554016113281,22364100,0.0,0.0
2021-09-22 00:00:00-04:00,287.1230359542551,290.50003374498624,284.974909823731,288.9131164550781,26626300,0.0,0.0
2021-09-23 00:00:00-04:00,289.1742627352264,291.15787891906757,287.8969927436246,289.86126708984375,18604600,0.0,0.0
2021-09-24 00:00:00-04:00,288.5744387428514,290.0935855729012,287.316510162556,289.6581726074219,14999000,0.0,0.0
2021-09-27 00:00:00-04:00,286.55209387487736,286.8713966997441,283.4556862535076,284.6458740234375,23571700,0.0,0.0
2021-09-28 00:00:00-04:00,280.41731233941005,281.3655941145133,273.59557765271893,274.34063720703125,43186200,0.0,0.0
2021-09-29 00:00:00-04:00,275.86953729559986,277.4854524231116,273.84720719970346,274.8051452636719,26353700,0.0,0.0
2021-09-30 00:00:00-04:00,276.4597529494466,278.5111104233901,272.5021756474461,272.79248046875,32343600,0.0,0.0
2021-10-01 00:00:00-04:00,272.9859668378756,280.59150373187396,272.1828522383653,279.739990234375,30086300,0.0,0.0
2021-10-04 00:00:00-04:00,278.0950532665713,278.43372747696765,271.1765495236149,273.9439392089844,31350700,0.0,0.0
2021-10-05 00:00:00-04:00,274.85345213293385,280.99786745988877,274.85345213293385,279.4109802246094,24993000,0.0,0.0
2021-10-06 00:00:00-04:00,276.52741998911324,284.12326974758565,276.2661722961501,283.6200866699219,28002600,0.0,0.0
2021-10-07 00:00:00-04:00,285.62307470902675,287.0358261668495,284.4038892769978,285.30377197265625,20430500,0.0,0.0
2021-10-08 00:00:00-04:00,286.62941133649093,287.0358261668495,284.24906598588615,285.30377197265625,17685700,0.0,0.0
2021-10-11 00:00:00-04:00,283.43630345045904,288.322790569449,283.2717944538559,284.7038879394531,19298600,0.0,0.0
2021-10-12 00:00:00-04:00,285.7778978395012,285.874666087582,282.88471325788174,283.3975524902344,17974100,0.0,0.0
2021-10-13 00:00:00-04:00,285.36191594446814,287.65517944527,283.98787726360524,286.7165832519531,23416300,0.0,0.0
2021-10-14 00:00:00-04:00,289.5226329431941,293.4511821777656,288.1873077249307,292.9480285644531,27262900,0.0,0.0
2021-10-15 00:00:00-04:00,292.55135765925456,294.5930591035775,290.7902753674663,294.3608093261719,25384800,0.0,0.0
2021-10-18 00:00:00-04:00,293.7414733301012,298.2312310200671,292.88995992436827,297.3410339355469,22729300,0.0,0.0
2021-10-19 00:00:00-04:00,298.3666899206171,299.28591445947495,297.2732707222866,298.2505798339844,17682100,0.0,0.0
2021-10-20 00:00:00-04:00,299.1988331686893,299.67298873049015,296.1991946233015,297.4571228027344,16537100,0.0,0.0
2021-10-21 00:00:00-04:00,297.2249349952262,300.9502619908337,296.44113276271713,300.6986999511719,16918100,0.0,0.0
2021-10-22 00:00:00-04:00,300.35032585775446,301.0179884292561,297.8344988739321,299.1504821777344,17449300,0.0,0.0
2021-10-25 00:00:00-04:00,299.344027778111,299.382740991033,296.5379251966183,298.15386962890625,17554500,0.0,0.0
2021-10-26 00:00:00-04:00,300.9309624270938,302.28562966394617,298.6086715168423,300.06976318359375,28107300,0.0,0.0
2021-10-27 00:00:00-04:00,305.769065317171,315.5420698297333,305.769065317171,312.7069396972656,52588700,0.0,0.0
2021-10-28 00:00:00-04:00,313.82938350979595,314.35190857919804,310.95553992238246,313.8487548828125,26297900,0.0,0.0
2021-10-29 00:00:00-04:00,313.63584003415747,321.25103298902206,313.4132759770589,320.8833312988281,34766000,0.0,0.0
2021-11-01 00:00:00-04:00,320.63179965423285,320.7575954696081,315.80336647028275,318.70623779296875,27073200,0.0,0.0
2021-11-02 00:00:00-04:00,319.615746287968,322.6540985408013,319.31578533683205,322.3444519042969,26487100,0.0,0.0
2021-11-03 00:00:00-04:00,323.089541540339,324.0571652224182,319.94476457358155,323.1863098144531,21500100,0.0,0.0
2021-11-04 00:00:00-04:00,322.112189719001,325.6440094634268,318.8416176797241,325.5472412109375,23992200,0.0,0.0
2021-11-05 00:00:00-04:00,327.5502549213487,327.82118833215054,323.592678174856,325.1795654296875,22570100,0.0,0.0
2021-11-08 00:00:00-05:00,326.3793370903595,326.7180111614452,323.61194854333104,326.0793762207031,20897000,0.0,0.0
2021-11-09 00:00:00-05:00,326.1955986145931,327.7534880662082,323.6991425589229,325.07318115234375,21307400,0.0,0.0
2021-11-10 00:00:00-05:00,323.7378341293523,323.79588918284475,319.23839030651203,320.0898742675781,25500900,0.0,0.0
2021-11-11 00:00:00-05:00,320.52532546851364,322.9637263705038,319.80929343616174,321.6671142578125,16849800,0.0,0.0
2021-11-12 00:00:00-05:00,323.10890289071614,326.31173481669066,322.9831070912228,325.8182373046875,23831000,0.0,0.0
2021-11-15 00:00:00-05:00,326.6116778913146,326.9406663714479,323.21530960920296,325.18927001953125,16723000,0.0,0.0
2021-11-16 00:00:00-05:00,324.81192888739275,329.6403914141883,324.64744938867244,328.5179443359375,20886800,0.0,0.0
2021-11-17 00:00:00-05:00,328.56639143125483,331.7169218037687,327.65515874144324,328.7408752441406,19053400,0.62,0.0
2021-11-18 00:00:00-05:00,327.8296493909569,331.968980623258,326.8020941377926,330.8250732421875,22463500,0.0,0.0
2021-11-19 00:00:00-05:00,332.1531473880695,334.53784815102716,331.72661169602117,332.6087341308594,21963400,0.0,0.0
2021-11-22 00:00:00-05:00,334.07245071718984,338.9679066311666,329.15761757937406,329.4290466308594,31031100,0.0,0.0
2021-11-23 00:00:00-05:00,326.73424772758557,329.0608170788897,323.35107201150885,327.344970703125,30427600,0.0,0.0
2021-11-24 00:00:00-05:00,325.98778479533405,327.81025009025836,323.6903259484439,327.5679016113281,21661300,0.0,0.0
2021-11-26 00:00:00-05:00,324.11683442028453,327.58725133037314,318.07750018241677,319.5897521972656,24217200,0.0,0.0
2021-11-29 00:00:00-05:00,324.6887789094433,328.6535962110915,324.49488830576917,326.3270568847656,28563500,0.0,0.0
2021-11-30 00:00:00-05:00,325.057167596262,327.4418682918144,318.9208876812045,320.471923828125,42885600,0.0,0.0
2021-12-01 00:00:00-05:00,324.87299621520316,328.8959751540694,319.3086844600099,319.9775390625,33337600,0.0,0.0
2021-12-02 00:00:00-05:00,320.19075469325344,323.2831232277246,317.76727023574,319.4055480957031,30766000,0.0,0.0
2021-12-03 00:00:00-05:00,321.82910150534224,322.5173925388993,308.29636967858346,313.12396240234375,41779300,0.0,0.0
2021-12-06 00:00:00-05:00,314.0351104815673,317.42798853456475,309.45957089532595,316.20654296875,30032600,0.0,0.0
2021-12-07 00:00:00-05:00,321.4897319762996,325.5223836232418,319.99685743619625,324.6693420410156,31021900,0.0,0.0
2021-12-08 00:00:00-05:00,325.04745535516855,325.2316425566837,320.6754795458663,324.7178649902344,24761000,0.0,0.0
2021-12-09 00:00:00-05:00,324.1749938812404,326.1913200286441,321.95507372960486,322.90509033203125,22214200,0.0,0.0
2021-12-10 00:00:00-05:00,324.7276272953552,332.5021568730343,324.54344006043186,332.0562438964844,38095700,0.0,0.0
2021-12-13 00:00:00-05:00,330.2531216486118,333.2679521970493,328.70208542193865,329.0122985839844,28899400,0.0,0.0
2021-12-14 00:00:00-05:00,323.021387209704,324.39793935424154,314.19019474595046,318.2907409667969,44438700,0.0,0.0
2021-12-15 00:00:00-05:00,318.55253649678184,324.93116535043464,314.56834150251177,324.4076843261719,35381100,0.0,0.0
2021-12-16 00:00:00-05:00,325.43526286327096,326.4531443490825,313.1336502054088,314.95611572265625,35034800,0.0,0.0
2021-12-17 00:00:00-05:00,311.0590960634918,314.97545540950694,307.54019173672924,313.88970947265625,47750300,0.0,0.0
2021-12-20 00:00:00-05:00,310.25441310088627,312.92024552884857,307.8503358811383,310.11871337890625,28326500,0.0,0.0
2021-12-21 00:00:00-05:00,313.39534333476564,317.6994543581608,310.01213871076055,317.2729187011719,24740600,0.0,0.0
2021-12-22 00:00:00-05:00,318.2519911161229,323.3994701251989,315.78004861655177,323.0020446777344,24831500,0.0,0.0
2021-12-23 00:00:00-05:00,322.5657544659392,326.09436174269445,322.54637724196897,324.4463806152344,19617800,0.0,0.0
2021-12-27 00:00:00-05:00,325.1928799261171,331.99804425764506,325.1637992915189,331.9689636230469,19947000,0.0,0.0
2021-12-28 00:00:00-05:00,332.6475065317783,333.287310047464,329.9041348473056,330.8056640625,15661500,0.0,0.0
2021-12-29 00:00:00-05:00,330.85412323356366,333.7623049071674,329.28370986318623,331.4842529296875,15042000,0.0,0.0
2021-12-30 00:00:00-05:00,331.445387879755,332.6280493213001,328.4499650381019,328.9346618652344,15994500,0.0,0.0
2021-12-31 00:00:00-05:00,328.14949449804215,328.973455535573,325.57090352022,326.0265197753906,18000800,0.0,0.0
2022-01-03 00:00:00-05:00,325.0862198389616,327.6551075166869,319.68668922154853,324.50457763671875,28865100,0.0,0.0
2022-01-04 00:00:00-05:00,324.5821267708263,324.94082734218637,316.1387146989663,318.9402770996094,32674300,0.0,0.0
2022-01-05 00:00:00-05:00,315.8866419326383,316.0902359259385,306.3090562672879,306.6968078613281,40054300,0.0,0.0
2022-01-06 00:00:00-05:00,303.56573868087594,308.9458933702306,301.9565410192985,304.2734069824219,39646100,0.0,0.0
2022-01-07 00:00:00-05:00,304.53514698165617,306.8132290063139,300.59940934908144,304.42852783203125,32720000,0.0,0.0
2022-01-10 00:00:00-05:00,300.0176962380316,305.08763677546057,295.36461754386573,304.6513977050781,44289500,0.0,0.0
2022-01-11 00:00:00-05:00,303.7887157818698,306.9198396676104,300.40553997335417,305.3397521972656,29386800,0.0,0.0
2022-01-12 00:00:00-05:00,309.8861361997385,313.51165962850143,307.3753801663885,308.5289611816406,34372200,0.0,0.0
2022-01-13 00:00:00-05:00,310.66166805392663,311.05912310773493,294.69574914549776,295.47125244140625,45366000,0.0,0.0
2022-01-14 00:00:00-05:00,294.93805829604884,301.3069825464873,294.45336140484744,300.7059631347656,39846400,0.0,0.0
2022-01-18 00:00:00-05:00,294.763606781819,300.3182148295546,292.50490245478125,293.3870544433594,42333200,0.0,0.0
2022-01-19 00:00:00-05:00,296.9156305153396,304.30240641930027,293.4355103792751,294.04620361328125,45933900,0.0,0.0
2022-01-20 00:00:00-05:00,299.6105126182588,302.11153530291494,291.92322781434217,292.369140625,35380700,0.0,0.0
2022-01-21 00:00:00-05:00,293.4258322374997,294.80235496310996,286.5625070860677,286.96966552734375,57984400,0.0,0.0
2022-01-24 00:00:00-05:00,283.2568995161282,288.0165973652918,267.60116491131276,287.29925537109375,85731500,0.0,0.0
2022-01-25 00:00:00-05:00,282.5977240186681,285.9615223318833,276.4420958772445,279.66046142578125,72848600,0.0,0.0
2022-01-26 00:00:00-05:00,298.5636068216338,299.0580071592012,284.06148289400227,287.62884521484375,90428900,0.0,0.0
2022-01-27 00:00:00-05:00,293.3967532426776,297.8947254313369,288.81150957189453,290.6630554199219,53481300,0.0,0.0
2022-01-28 00:00:00-05:00,291.04117616789154,299.03867680247816,285.4380799369417,298.8254089355469,49743700,0.0,0.0
2022-01-31 00:00:00-05:00,299.49422892037853,302.81924258293594,296.99317632807,301.46209716796875,46444500,0.0,0.0
2022-02-01 00:00:00-05:00,300.9095218702585,301.1227896817067,295.7911239790513,299.3100280761719,40950400,0.0,0.0
2022-02-02 00:00:00-05:00,300.1534452277407,305.4754084003278,299.42639978521,303.8662109375,36636000,0.0,0.0
2022-02-03 00:00:00-05:00,300.01767200268654,301.7044372994963,290.77935044731777,292.0298767089844,43730000,0.0,0.0
2022-02-04 00:00:00-05:00,291.02171760463654,299.34880717402064,290.78907254882864,296.57635498046875,35096500,0.0,0.0
2022-02-07 00:00:00-05:00,296.7992804580202,298.41815136102764,290.72116306011253,291.7390441894531,28533300,0.0,0.0
2022-02-08 00:00:00-05:00,292.02989517247903,296.20798026867743,290.7696950101349,295.23858642578125,32421200,0.0,0.0
2022-02-09 00:00:00-05:00,300.38607435541684,302.3830233648674,297.98199648655384,301.68505859375,31284700,0.0,0.0
2022-02-10 00:00:00-05:00,294.7345638215926,299.65907238795467,291.4967913701145,293.1253662109375,45386200,0.0,0.0
2022-02-11 00:00:00-05:00,293.9105334701713,294.9768726571542,285.2150691647002,286.0099792480469,39175600,0.0,0.0
2022-02-14 00:00:00-05:00,284.77882629708716,287.6773340827328,282.4329097004765,285.97119140625,36359500,0.0,0.0
2022-02-15 00:00:00-05:00,290.82782983198604,291.5936295980899,287.9293223884428,291.27374267578125,27058300,0.0,0.0
2022-02-16 00:00:00-05:00,289.836092086114,292.26458771929816,285.2802319066826,290.93377685546875,29982100,0.62,0.0
2022-02-17 00:00:00-05:00,287.88362104554557,288.31103872121673,281.7055413340337,282.4146728515625,32461600,0.0,0.0
2022-02-18 00:00:00-05:00,284.6682566433863,285.4550868856492,278.1210416639117,279.6947021484375,34264000,0.0,0.0
2022-02-22 00:00:00-05:00,276.84851806993396,283.2014713114298,276.3628189154253,279.49072265625,41736100,0.0,0.0
2022-02-23 00:00:00-05:00,281.88037625017427,283.3569207680284,272.088693572859,272.2538146972656,37811200,0.0,0.0
2022-02-24 00:00:00-05:00,264.7157541586324,286.7179192209472,263.75404970523874,286.1642150878906,56989700,0.0,0.0
2022-02-25 00:00:00-05:00,286.69850928615546,289.11728157354844,283.30830905134627,288.8064270019531,32546700,0.0,0.0
2022-02-28 00:00:00-05:00,285.8922650550983,290.584135999086,284.61973550343583,290.244140625,34627500,0.0,0.0
2022-03-01 00:00:00-05:00,287.9224256437058,291.39032439377746,283.7939832206837,286.513916015625,31217800,0.0,0.0
2022-03-02 00:00:00-05:00,286.91222446701073,292.847484256712,285.29972916949754,291.6040954589844,31873000,0.0,0.0
2022-03-03 00:00:00-05:00,294.2268548311277,294.459980944355,285.6396674940799,287.4562072753906,27314500,0.0,0.0
2022-03-04 00:00:00-05:00,285.87277441074184,287.20358515425295,278.9564242158944,281.5694580078125,32356500,0.0,0.0
2022-03-07 00:00:00-05:00,280.27755582691316,281.40438143444726,270.56357263581685,270.9327087402344,43157200,0.0,0.0
2022-03-08 00:00:00-05:00,269.8544138214388,275.83823041762696,262.27751955874135,267.960205078125,48159500,0.0,0.0
2022-03-09 00:00:00-05:00,275.3331699798294,281.3169877923011,272.7492466304852,280.2484436035156,35204500,0.0,0.0
2022-03-10 00:00:00-05:00,274.9251604113095,278.40278323268905,272.5549459789459,277.4216613769531,30628000,0.0,0.0
2022-03-11 00:00:00-05:00,279.72385727089465,281.2295424824958,271.43783062877634,272.0595397949219,27209300,0.0,0.0
2022-03-14 00:00:00-04:00,272.3218342049007,277.2371079233456,267.93112394283185,268.53338623046875,30660700,0.0,0.0
2022-03-15 00:00:00-04:00,272.3315152360356,279.5878616136347,270.75785475687104,278.93701171875,34245100,0.0,0.0
2022-03-16 00:00:00-04:00,280.8409290538057,286.1447847528413,275.0999915812556,285.9699401855469,37826300,0.0,0.0
2022-03-17 00:00:00-04:00,284.90148358383965,287.1551056467637,281.0935882969498,286.7762756347656,30816600,0.0,0.0
2022-03-18 00:00:00-04:00,286.92188561378543,292.3908622996214,284.3574097450835,291.837158203125,43390600,0.0,0.0
2022-03-21 00:00:00-04:00,290.3412792491695,291.55552723764225,286.4653795115505,290.6035461425781,28351200,0.0,0.0
2022-03-22 00:00:00-04:00,291.22520644527026,296.2764896012802,290.22466735470084,295.3633728027344,27599700,0.0,0.0
2022-03-23 00:00:00-04:00,291.914948142402,294.55715302572054,289.20473825507435,290.9241027832031,25715400,0.0,0.0
2022-03-24 00:00:00-04:00,290.584124550762,295.49939796385246,289.7875707673661,295.4022521972656,24484500,0.0,0.0
2022-03-25 00:00:00-04:00,296.49994802102367,296.7622149202099,290.7298390811115,294.9942626953125,22566500,0.0,0.0
2022-03-28 00:00:00-04:00,295.6255844417618,301.9105316260745,295.6255844417618,301.81341552734375,29578200,0.0,0.0
2022-03-29 00:00:00-04:00,304.9316962452335,306.7870708740349,300.21068428171867,306.3887939453125,30393400,0.0,0.0
2022-03-30 00:00:00-04:00,304.78597103412335,306.91333589865695,302.6682999951618,304.8830871582031,28163600,0.0,0.0
2022-03-31 00:00:00-04:00,304.9219344786806,306.1264885845464,299.083850585326,299.4918212890625,33422100,0.0,0.0
2022-04-01 00:00:00-04:00,300.52145014597426,301.25972224894343,296.8010081609625,300.5700378417969,27110500,0.0,0.0
2022-04-04 00:00:00-04:00,301.2209056188057,306.09731457992234,300.85176950899194,305.9613342285156,24289600,0.0,0.0
2022-04-05 00:00:00-04:00,304.30996906857746,305.86421245270554,301.0072204052596,301.98834228515625,23156700,0.0,0.0
2022-04-06 00:00:00-04:00,296.4610352881738,298.2192637550214,288.223567428313,290.93377685546875,40110400,0.0,0.0
2022-04-07 00:00:00-04:00,288.17496733565235,294.96503064921535,287.87383629264315,292.750244140625,31411200,0.0,0.0
2022-04-08 00:00:00-04:00,291.8468883177177,292.50743200328867,287.80586809966695,288.47613525390625,24361900,0.0,0.0
2022-04-11 00:00:00-04:00,283.444303604029,284.2408276388605,276.84850118749597,277.10107421875,34569300,0.0,0.0
2022-04-12 00:00:00-04:00,280.96724774660083,282.42434526371244,272.46751223011626,273.99261474609375,30966700,0.0,0.0
2022-04-13 00:00:00-04:00,274.64349274671173,280.3261499283809,273.2543704417859,279.39361572265625,21907200,0.0,0.0
2022-04-14 00:00:00-04:00,279.85020814082327,280.06391701023085,271.3310534250508,271.8264465332031,28221600,0.0,0.0
2022-04-18 00:00:00-04:00,270.9327060178222,274.3811581581207,270.3790018667597,272.49664306640625,20778000,0.0,0.0
2022-04-19 00:00:00-04:00,271.38926176150375,277.98506451815985,270.44700422483857,277.1399230957031,22297700,0.0,0.0
2022-04-20 00:00:00-04:00,281.1226451360591,281.4140823953161,277.20791140895244,278.1695861816406,22906700,0.0,0.0
2022-04-21 00:00:00-04:00,280.3261048543094,284.91110595859055,272.049802114216,272.7783508300781,29454600,0.0,0.0
2022-04-22 00:00:00-04:00,273.6234514112398,275.0999957209801,265.5608578098642,266.1922607421875,29405800,0.0,0.0
2022-04-25 00:00:00-04:00,265.4734657946964,273.0697784310283,263.0255229577328,272.6909484863281,35678900,0.0,0.0
2022-04-26 00:00:00-04:00,269.5629569886462,270.3983450763367,262.27747166462876,262.4911804199219,46518400,0.0,0.0
2022-04-27 00:00:00-04:00,274.0314539795078,282.6477517681087,271.1755407349465,275.1194152832031,63477700,0.0,0.0
2022-04-28 00:00:00-04:00,277.03308894590896,282.6574935130097,273.4097625442166,281.3460998535156,33646600,0.0,0.0
2022-04-29 00:00:00-04:00,280.35519912912395,281.5888937227041,268.5915820437607,269.5823974609375,37073900,0.0,0.0
2022-05-02 00:00:00-04:00,269.76701711906315,276.79023759197617,268.3196431194536,276.33367919921875,35151100,0.0,0.0
2022-05-03 00:00:00-04:00,275.8382835035389,276.0034342764999,272.137257942403,273.72064208984375,25978600,0.0,0.0
2022-05-04 00:00:00-04:00,274.5074780995146,282.5603793648833,268.8150975432188,281.6861267089844,33599300,0.0,0.0
2022-05-05 00:00:00-04:00,277.3730824312229,278.15991269271166,266.49340947413936,269.4173278808594,43260400,0.0,0.0
2022-05-06 00:00:00-04:00,266.9499522347346,271.262962860932,263.5111941095832,266.87225341796875,37780300,0.0,0.0
2022-05-09 00:00:00-04:00,262.3358159472055,264.5700201232837,255.78860105571707,257.0125427246094,47726000,0.0,0.0
2022-05-10 00:00:00-04:00,263.9192042299002,265.92028233912083,257.4885522823345,261.7918395996094,39336400,0.0,0.0
2022-05-11 00:00:00-04:00,258.08105561619897,263.5985900413327,251.88353062227853,253.0977783203125,48975900,0.0,0.0
2022-05-12 00:00:00-04:00,250.31960756483633,252.4469720202094,242.8689850591768,248.04653930664062,51033800,0.0,0.0
2022-05-13 00:00:00-04:00,249.98935885039046,255.51661755817597,248.04656224715404,253.65151977539062,34925100,0.0,0.0
2022-05-16 00:00:00-04:00,252.52468351978652,258.21709274203937,248.46424590529656,254.02064514160156,32550900,0.0,0.0
2022-05-17 00:00:00-04:00,258.498853800822,260.65535976669184,254.95325502377983,259.1885681152344,28828800,0.0,0.0
2022-05-18 00:00:00-04:00,256.0727937558595,256.6569961862694,246.11224780125326,247.3877410888672,31356000,0.62,0.0
2022-05-19 00:00:00-04:00,247.21248054968524,250.88320092166384,245.2456963560766,246.47250366210938,32692300,0.0,0.0
2022-05-20 00:00:00-04:00,250.4645014140494,251.73027831632496,239.94897637698514,245.90777587890625,39199300,0.0,0.0
2022-05-23 00:00:00-04:00,248.76057484466799,254.6122702385757,246.75482134503355,253.78465270996094,33175400,0.0,0.0
2022-05-24 00:00:00-04:00,251.09737007756888,254.44673552078478,246.82298537784575,252.7817840576172,29043900,0.0,0.0
2022-05-25 00:00:00-04:00,251.34084363002697,257.61119260514835,250.35743659445953,255.60545349121094,28547900,0.0,0.0
2022-05-26 00:00:00-04:00,255.36202957362127,260.0745446906605,254.54415799599684,258.89642333984375,25002100,0.0,0.0
2022-05-27 00:00:00-04:00,261.40845522519186,266.1404323228601,260.5126742393116,266.0430603027344,26910800,0.0,0.0
2022-05-31 00:00:00-04:00,265.35178719970526,267.5327779701292,261.84660223740195,264.70916748046875,37827700,0.0,0.0
2022-06-01 00:00:00-04:00,267.95140413651416,270.3758094780556,262.9273119661562,265.24462890625,25292200,0.0,0.0
2022-06-02 00:00:00-04:00,257.48458965470934,267.41591118453516,254.7096506560201,267.3477478027344,44008200,0.0,0.0
2022-06-03 00:00:00-04:00,263.19023737158795,266.2475464172639,261.34028787235826,262.9078674316406,28059000,0.0,0.0
2022-06-06 00:00:00-04:00,264.8942021650492,266.95835867538005,260.18168661733006,261.67138671875,22400300,0.0,0.0
2022-06-07 00:00:00-04:00,259.6169327151611,265.9359818654596,258.9353582624585,265.32257080078125,22860700,0.0,0.0
2022-06-08 00:00:00-04:00,264.5533753652425,265.8094061537368,262.5086816828443,263.2876281738281,17372300,0.0,0.0
2022-06-09 00:00:00-04:00,260.72687950108036,265.5270199603348,257.6598540218745,257.8156433105469,26439700,0.0,0.0
2022-06-10 00:00:00-04:00,253.71652916101232,253.71652916101232,245.87857126759548,246.3264617919922,31422800,0.0,0.0
2022-06-13 00:00:00-04:00,238.65398260797576,242.46099963563907,235.1682754046893,235.87904357910156,46135800,0.0,0.0
2022-06-14 00:00:00-04:00,237.43692767556414,239.26741476763672,235.14881881047341,238.0503387451172,28651500,0.0,0.0
2022-06-15 00:00:00-04:00,241.7696882233062,248.5755819262478,239.92947007796263,245.12881469726562,33111700,0.0,0.0
2022-06-16 00:00:00-04:00,239.50107698603435,240.90315090086327,236.61904936722786,238.51768493652344,33169200,0.0,0.0
2022-06-17 00:00:00-04:00,238.25480915111956,243.90204510292367,237.60245815862066,241.12710571289062,43084800,0.0,0.0
2022-06-21 00:00:00-04:00,243.66836636124324,248.0401090587858,242.93812070160013,247.0567169189453,29928300,0.0,0.0
2022-06-22 00:00:00-04:00,245.2554237872834,250.39636659426804,243.7754551783502,246.4627685546875,25939900,0.0,0.0
2022-06-23 00:00:00-04:00,248.8384564583983,252.53835499838434,246.94955244301968,252.04177856445312,25861400,0.0,0.0
2022-06-24 00:00:00-04:00,254.9141407550072,260.9216411791488,254.8265148455369,260.6490173339844,33923200,0.0,0.0
2022-06-27 00:00:00-04:00,261.14555619251996,261.2331820993187,256.34541555511356,257.91302490234375,24615100,0.0,0.0
2022-06-28 00:00:00-04:00,257.0269733877671,259.87979223071875,249.5687285378828,249.72451782226562,27295500,0.0,0.0
2022-06-29 00:00:00-04:00,250.80529596472903,255.06993526197783,249.02349481802761,253.4049835205078,20069800,0.0,0.0
2022-06-30 00:00:00-04:00,250.27948365294694,252.69417300750064,246.23879748722132,250.06527709960938,31730900,0.0,0.0
2022-07-01 00:00:00-04:00,249.63692332426703,252.92787208687378,247.90379331703537,252.7428741455078,22837700,0.0,0.0
2022-07-05 00:00:00-04:00,249.41293467301924,256.05330794326875,248.0303382275018,255.92672729492188,22941000,0.0,0.0
2022-07-06 00:00:00-04:00,256.8030146211772,260.93132656108946,255.488566707851,259.1982116699219,23824400,0.0,0.0
2022-07-07 00:00:00-04:00,258.1369298596105,261.9731555407947,258.03955784314934,261.3305358886719,20859900,0.0,0.0
2022-07-08 00:00:00-04:00,257.81561452862957,261.03842893672055,256.3551235383612,260.6100158691406,19658800,0.0,0.0
2022-07-11 00:00:00-04:00,258.652987654912,259.50981391999767,255.2743834632221,257.54302978515625,19455200,0.0,0.0
2022-07-12 00:00:00-04:00,258.8769299123895,258.93534718140467,245.40145358358674,246.988525390625,35868500,0.0,0.0
2022-07-13 00:00:00-04:00,243.60022249020474,246.87172370233074,241.5750060391852,246.06358337402344,29497400,0.0,0.0
2022-07-14 00:00:00-04:00,243.97019698455844,248.4198191732911,239.46214266727682,247.3877410888672,25102800,0.0,0.0
2022-07-15 00:00:00-04:00,248.98454535957097,253.51206221673579,248.05957055462045,249.9582061767578,29774100,0.0,0.0
2022-07-18 00:00:00-04:00,252.90837187190323,253.9696584904297,246.6282632029574,247.55323791503906,20975000,0.0,0.0
2022-07-19 00:00:00-04:00,250.79556321406503,252.8792118165183,246.99829162159293,252.6942138671875,25012600,0.0,0.0
2022-07-20 00:00:00-04:00,253.0544131195691,257.8935080470183,252.09049852304295,255.3619842529297,22788300,0.0,0.0
2022-07-21 00:00:00-04:00,252.94734376674188,257.9130197151892,250.26003049054867,257.86431884765625,22404700,0.0,0.0
2022-07-22 00:00:00-04:00,258.2537733938726,258.34139929761113,252.24630307646098,253.50230407714844,21881300,0.0,0.0
2022-07-25 00:00:00-04:00,254.1254760892175,254.61230650318151,250.0458348430974,252.0126190185547,21056000,0.0,0.0
2022-07-26 00:00:00-04:00,253.0154837015324,253.03497593453565,242.99653536539577,245.26515197753906,39348000,0.0,0.0
2022-07-27 00:00:00-04:00,254.28119556589857,262.9370224982703,252.03204204806707,261.6615295410156,45994000,0.0,0.0
2022-07-28 00:00:00-04:00,262.64496354528995,270.5218747343421,260.8144767467311,269.1295471191406,33459300,0.0,0.0
2022-07-29 00:00:00-04:00,270.3855824318356,274.5723114658439,269.3437583740479,273.3454895019531,32152800,0.0,0.0
2022-08-01 00:00:00-04:00,270.5025020357126,273.8713607245995,268.57464258808506,270.6875,21539600,0.0,0.0
2022-08-02 00:00:00-04:00,268.7303946053114,270.5706278744579,265.2057470824451,267.58148193359375,22754200,0.0,0.0
2022-08-03 00:00:00-04:00,269.47031359407765,276.0327764427245,269.3242407350023,275.0299072265625,23518900,0.0,0.0
2022-08-04 00:00:00-04:00,274.3776155284762,276.3249372276528,272.7905733032149,276.17889404296875,18098700,0.0,0.0
2022-08-05 00:00:00-04:00,271.7973999930235,276.1788734901075,271.33977823922174,275.4583740234375,16774600,0.0,0.0
2022-08-08 00:00:00-04:00,276.56831999880745,278.38909053353035,271.96292373727755,272.93658447265625,18739200,0.0,0.0
2022-08-09 00:00:00-04:00,272.27449902360144,275.6238645762856,270.29793922937904,274.8644104003906,23405200,0.0,0.0
2022-08-10 00:00:00-04:00,280.5798779306673,282.1766663743065,279.3822643126082,281.5437927246094,24687800,0.0,0.0
2022-08-11 00:00:00-04:00,283.18925104786797,283.53975467502244,278.9635667202551,279.4601135253906,20065900,0.0,0.0
2022-08-12 00:00:00-04:00,280.8816943899118,284.2213439941406,279.382248352061,284.2213439941406,22619700,0.0,0.0
2022-08-15 00:00:00-04:00,283.335291025511,286.43152521881507,282.4687186563289,285.740234375,18085700,0.0,0.0
2022-08-16 00:00:00-04:00,284.29917673431896,286.2951989866946,282.77055202611706,285.0002136230469,18102900,0.0,0.0
2022-08-17 00:00:00-04:00,282.7072961690795,286.2296881753284,282.44386044524725,284.24896240234375,18253400,0.62,0.0
2022-08-18 00:00:00-04:00,283.14639592226945,284.82464859302553,282.0633227973531,283.12689208984375,17186200,0.0,0.0
2022-08-19 00:00:00-04:00,281.88762644255945,282.22913697161744,278.628700655416,279.2043762207031,20570000,0.0,0.0
2022-08-22 00:00:00-04:00,275.2331875620073,275.6039687594136,270.4911664208778,271.00830078125,25061100,0.0,0.0
2022-08-23 00:00:00-04:00,269.7301330566406,272.0913771117212,268.71536804172104,269.7301330566406,17527400,0.0,0.0
2022-08-24 00:00:00-04:00,268.72513550456136,270.50096684081166,268.43239936541056,269.0959167480469,18137000,0.0,0.0
2022-08-25 00:00:00-04:00,270.5985399327254,272.2475220668953,267.85674757926176,272.0816650390625,16583400,0.0,0.0
2022-08-26 00:00:00-04:00,272.30599862097563,273.5354247138849,261.4754479472372,261.582763671875,27549300,0.0,0.0
2022-08-29 00:00:00-04:00,259.3971520734982,260.9095177308766,257.44569714689953,258.7922058105469,20338500,0.0,0.0
2022-08-30 00:00:00-04:00,260.1972703784425,260.5680218228097,254.33313846551115,256.5870666503906,22767100,0.0,0.0
2022-08-31 00:00:00-04:00,258.9483700505555,260.62659298859234,254.9868884775698,255.12350463867188,24791800,0.0,0.0
2022-09-01 00:00:00-04:00,252.58654502067085,254.5575334082657,249.21053658429875,254.07940673828125,23263400,0.0,0.0
2022-09-02 00:00:00-04:00,255.34788953507936,258.3140795897483,248.29336924253226,249.8447723388672,22855400,0.0,0.0
2022-09-06 00:00:00-04:00,249.98140494870378,251.57181580911544,245.82479614477606,247.10299682617188,21328200,0.0,0.0
2022-09-07 00:00:00-04:00,248.51778494305904,252.54752929130373,247.07371244859434,251.82550048828125,24126700,0.0,0.0
2022-09-08 00:00:00-04:00,251.25960684988422,254.1087145745975,248.60561187747734,252.2450714111328,20319900,0.0,0.0
2022-09-09 00:00:00-04:00,254.1770208837589,258.7922228079521,253.97212644052357,258.0408935546875,22084700,0.0,0.0
2022-09-12 00:00:00-04:00,259.32888662429224,260.9583648576095,258.72394026192035,260.1777648925781,18747700,0.0,0.0
2022-09-13 00:00:00-04:00,252.55732112555575,254.0794537555011,245.4832962296118,245.87359619140625,33353300,0.0,0.0
2022-09-14 00:00:00-04:00,247.37620792790096,248.05921424451438,243.79528955726525,246.09800720214844,23913000,0.0,0.0
2022-09-15 00:00:00-04:00,243.7074697578199,245.29789551034108,238.09703645062885,239.4240264892578,31530900,0.0,0.0
2022-09-16 00:00:00-04:00,238.3311853849411,239.34595028666865,236.1845879383292,238.79954528808594,39791800,0.0,0.0
2022-09-19 00:00:00-04:00,236.58465548733815,239.1898462068976,235.00398165238354,238.58489990234375,26826900,0.0,0.0
2022-09-20 00:00:00-04:00,236.19435819350156,237.59939325821156,233.82333267549006,236.56512451171875,26660300,0.0,0.0
2022-09-21 00:00:00-04:00,238.3409785454225,241.6486944240204,233.101311351649,233.1501007080078,28625600,0.0,0.0
2022-09-22 00:00:00-04:00,232.0963004159245,237.94091362050094,231.8035940706636,235.1308135986328,31061200,0.0,0.0
2022-09-23 00:00:00-04:00,233.72576968451835,235.27718779697258,229.4911157105166,232.1450958251953,34176000,0.0,0.0
2022-09-26 00:00:00-04:00,231.29619264048225,235.58938742131502,231.1498245914239,231.6864776611328,27694200,0.0,0.0
2022-09-27 00:00:00-04:00,234.15507704083888,235.9309082051213,228.80809460642703,230.67173767089844,27018700,0.0,0.0
2022-09-28 00:00:00-04:00,231.06201938613802,236.4480391799153,229.03250446546224,235.2186279296875,29029700,0.0,0.0
2022-09-29 00:00:00-04:00,233.0915358630107,234.12580460416743,228.7202809445972,231.7352752685547,27484200,0.0,0.0
2022-09-30 00:00:00-04:00,232.5060724859564,234.70145910659906,227.08103059664865,227.2469024658203,35694800,0.0,0.0
2022-10-03 00:00:00-04:00,229.6960226716163,235.7455304131457,228.96422702009855,234.8966522216797,28880400,0.0,0.0
2022-10-04 00:00:00-04:00,239.14104998029651,244.2831380864936,239.03371935950005,242.8390655517578,34888400,0.0,0.0
2022-10-05 00:00:00-04:00,240.01921394484737,244.49779961267382,238.17508955877648,243.1512908935547,20347100,0.0,0.0
2022-10-06 00:00:00-04:00,241.91211821206613,244.2636251213658,240.10703122323224,240.79978942871094,20239900,0.0,0.0
2022-10-07 00:00:00-04:00,235.05277800164083,235.46259670437345,227.51040765820434,228.554443359375,37769600,0.0,0.0
2022-10-10 00:00:00-04:00,227.39331464276057,228.8666579231961,221.2267092138756,223.685546875,29743600,0.0,0.0
2022-10-11 00:00:00-04:00,222.0950853661984,223.5001353267126,218.67028725375982,219.93873596191406,30474000,0.0,0.0
2022-10-12 00:00:00-04:00,219.92896672359288,222.32926286096713,218.52393166705397,220.27047729492188,21903900,0.0,0.0
2022-10-13 00:00:00-04:00,214.51372348525075,230.36929733042055,213.8111984068833,228.554443359375,42551800,0.0,0.0
2022-10-14 00:00:00-04:00,229.82285736013569,231.48160608266116,222.79762207612544,223.0122833251953,30198600,0.0,0.0
2022-10-17 00:00:00-04:00,230.0960863102198,233.1598703325027,229.43258381024145,231.7645721435547,28142300,0.0,0.0
2022-10-18 00:00:00-04:00,237.33596760402114,238.0092070873405,229.65698188845562,232.7110137939453,26329600,0.0,0.0
2022-10-19 00:00:00-04:00,231.28642573599177,233.79405240224958,228.60317527704407,230.74002075195312,19985700,0.0,0.0
2022-10-20 00:00:00-04:00,230.0472634808189,235.4527869659191,229.16909984877745,230.41802978515625,21811000,0.0,0.0
2022-10-21 00:00:00-04:00,229.04227484068946,237.10177849471148,228.80809488481415,236.24313354492188,26299700,0.0,0.0
2022-10-24 00:00:00-04:00,237.84328721098777,241.82425648073266,235.44300633072908,241.2485809326172,24911200,0.0,0.0
2022-10-25 00:00:00-04:00,241.25838415797844,244.94663303718434,239.86310093391776,244.57586669921875,34775500,0.0,0.0
2022-10-26 00:00:00-04:00,225.55892369044773,232.51586550821546,224.47586557326218,225.70529174804688,82543200,0.0,0.0
2022-10-27 00:00:00-04:00,225.4320803427003,228.01776721146956,220.29975893201416,221.2462158203125,40424600,0.0,0.0
2022-10-28 00:00:00-04:00,220.7486055336188,230.85714351335133,220.56321491759144,230.1448516845703,40647700,0.0,0.0
2022-10-31 00:00:00-04:00,228.08603100200816,229.21787835594273,225.53938189986465,226.49560546875,28357300,0.0,0.0
2022-11-01 00:00:00-04:00,228.90568002209392,230.01800878902966,221.81213684879617,222.63174438476562,30592300,0.0,0.0
2022-11-02 00:00:00-04:00,223.8904394193755,225.68577445191593,214.69907323807044,214.75762939453125,38407000,0.0,0.0
2022-11-03 00:00:00-04:00,214.74785106240304,215.0600909930844,208.7861557427822,209.0496063232422,36633900,0.0,0.0
2022-11-04 00:00:00-04:00,212.2695216011054,216.21145416874165,208.2495141580714,216.0163116455078,36789100,0.0,0.0
2022-11-07 00:00:00-05:00,216.60173735731198,222.86590566585838,215.9089643317096,222.33900451660156,33498000,0.0,0.0
2022-11-08 00:00:00-05:00,223.14887115740464,226.02726423874347,220.3582899758322,223.3147430419922,28192500,0.0,0.0
2022-11-09 00:00:00-05:00,221.85114320695158,223.08056930959873,218.88493834107902,219.06056213378906,27852900,0.0,0.0
2022-11-10 00:00:00-05:00,229.71551464254821,237.42377070694712,229.29595897044808,237.08226013183594,46268000,0.0,0.0
2022-11-11 00:00:00-05:00,237.0920223740199,241.97065970506623,236.05773875356564,241.1120147705078,34620200,0.0,0.0
2022-11-14 00:00:00-05:00,236.1163342575776,237.98972951829813,233.40381264053644,235.68701171875,31123300,0.0,0.0
2022-11-15 00:00:00-05:00,239.69720789721472,241.00467910130482,234.203857613324,236.09677124023438,31390100,0.0,0.0
2022-11-16 00:00:00-05:00,237.5644967801753,238.55276840729704,235.24551035999534,236.52731323242188,24093300,0.68,0.0
2022-11-17 00:00:00-05:00,232.66230792106765,238.0145794109885,232.51554231290342,236.47836303710938,23123500,0.0,0.0
2022-11-18 00:00:00-05:00,238.26898078474412,238.49404129362665,233.8854070506041,236.0282745361328,27613500,0.0,0.0
2022-11-21 00:00:00-05:00,236.23372709119394,239.40399837755373,235.99890213467734,236.84039306640625,26394700,0.0,0.0
2022-11-22 00:00:00-05:00,238.34729211875336,240.03027434117138,235.52928752687384,239.7563018798828,19665700,0.0,0.0
2022-11-23 00:00:00-05:00,239.8345788687071,242.93635021206475,239.01266149508874,242.2514190673828,19508500,0.0,0.0
2022-11-25 00:00:00-05:00,241.98719641652858,243.3472791412151,241.4196778430826,242.163330078125,9200800,0.0,0.0
2022-11-28 00:00:00-05:00,240.78370032502562,241.34142463276635,235.61734127784246,236.55667114257812,24778200,0.0,0.0
2022-11-29 00:00:00-05:00,236.20440308326351,237.56448586876186,233.08307318531638,235.15744018554688,17956300,0.0,0.0
2022-11-30 00:00:00-05:00,235.39226167449928,249.83457943435548,234.6975363093542,249.64866638183594,47594200,0.0,0.0
2022-12-01 00:00:00-05:00,248.40598508985425,250.60755864010457,245.519480532268,249.20834350585938,26041500,0.0,0.0
2022-12-02 00:00:00-05:00,244.44320163967146,250.54889032100806,244.31599481535082,249.53128051757812,21528500,0.0,0.0
2022-12-05 00:00:00-05:00,246.5860592259716,248.35711568212665,242.72107687347514,244.8150177001953,23435300,0.0,0.0
2022-12-06 00:00:00-05:00,245.42164628251712,246.4392559506149,238.5331587756001,239.8443145751953,22463700,0.0,0.0
2022-12-07 00:00:00-05:00,239.56059501119066,240.86197158934914,236.99698930720933,239.11048889160156,20481500,0.0,0.0
2022-12-08 00:00:00-05:00,239.57035707306187,243.38642715920767,237.8286688296212,242.07525634765625,22611800,0.0,0.0
2022-12-09 00:00:00-05:00,239.43335840854147,242.96566155841106,238.90498731075107,240.1378631591797,20609700,0.0,0.0
2022-12-12 00:00:00-05:00,242.12419433216994,247.10463998852305,241.8502218945569,247.07528686523438,30665100,0.0,0.0
2022-12-13 00:00:00-05:00,256.0577219976388,258.2397370836631,247.62325261498822,251.39039611816406,42196900,0.0,0.0
2022-12-14 00:00:00-05:00,251.5958853241002,256.93836328433855,248.83657203555336,251.68394470214844,35410900,0.0,0.0
2022-12-15 00:00:00-05:00,248.25926956302303,248.72893450129712,242.01657941484757,243.650634765625,35560400,0.0,0.0
2022-12-16 00:00:00-05:00,243.2005220025338,244.46275107803268,238.2689883313514,239.42359924316406,86102000,0.0,0.0
2022-12-19 00:00:00-05:00,239.5899138337531,239.93238680595584,233.57228537641447,235.2748260498047,29696400,0.0,0.0
2022-12-20 00:00:00-05:00,234.24744039254352,237.68190498867048,233.2885368978721,236.59579467773438,25150800,0.0,0.0
2022-12-21 00:00:00-05:00,236.48814114115402,240.33354911502823,234.94214547624716,239.16915893554688,23690600,0.0,0.0
2022-12-22 00:00:00-05:00,236.06742458351349,236.7817237519787,228.836478039085,233.06350708007812,28651700,0.0,0.0
2022-12-23 00:00:00-05:00,231.02826751372717,233.72885938875746,228.9049736414497,233.5918731689453,21207000,0.0,0.0
2022-12-27 00:00:00-05:00,233.5625109109422,233.78755649246543,230.75428604943204,231.85997009277344,16688600,0.0,0.0
2022-12-28 00:00:00-05:00,231.79147620478,234.56056862646315,229.13001687829933,229.48226928710938,17457100,0.0,0.0
2022-12-29 00:00:00-05:00,230.57816095790326,236.71321757486763,230.57816095790326,235.8227996826172,19770700,0.0,0.0
2022-12-30 00:00:00-05:00,233.0830678086328,234.7954029631969,231.56642511422905,234.65841674804688,21938500,0.0,0.0
2023-01-03 00:00:00-05:00,237.84825439790933,240.46078689316013,232.290495791577,234.423583984375,25740000,0.0,0.0
2023-01-04 00:00:00-05:00,227.28070963200992,227.8580076648185,221.096740762334,224.16915893554688,50623400,0.0,0.0
2023-01-05 00:00:00-05:00,222.31002156690943,222.65249456632077,216.98710309720292,217.5252685546875,39585600,0.0,0.0
2023-01-06 00:00:00-05:00,218.20042850517999,220.90102036196717,214.62899248610293,220.08888244628906,43613600,0.0,0.0
2023-01-09 00:00:00-05:00,221.57615730202494,226.26307141609416,221.53702478368263,222.2317352294922,27369800,0.0,0.0
2023-01-10 00:00:00-05:00,222.85797845401495,226.33157576127422,222.43724039296023,223.92453002929688,27033900,0.0,0.0
2023-01-11 00:00:00-05:00,226.31199829516942,230.87170589795403,226.1358795554185,230.69558715820312,28669300,0.0,0.0
2023-01-12 00:00:00-05:00,230.1965511287431,234.73668494527053,228.53314279943885,233.37660217285156,27269500,0.0,0.0
2023-01-13 00:00:00-05:00,231.89911556681622,234.21810194476328,229.86388103095572,234.08111572265625,21333300,0.0,0.0
2023-01-17 00:00:00-05:00,232.8482214298885,235.72494679850365,231.98715671264935,235.177001953125,29831300,0.0,0.0
2023-01-18 00:00:00-05:00,236.37076466345434,237.16332887463713,230.45097410915378,230.73472595214844,30028700,0.0,0.0
2023-01-19 00:00:00-05:00,228.74840601373435,230.4509617716894,225.71512062356072,226.93821716308594,28623000,0.0,0.0
2023-01-20 00:00:00-05:00,229.80518098211877,235.55863232657438,229.46270795242353,235.04981994628906,35389800,0.0,0.0
2023-01-23 00:00:00-05:00,235.9108818315434,239.8932766589855,234.49207780928063,237.35902404785156,31934000,0.0,0.0
2023-01-24 00:00:00-05:00,237.28074883436128,238.69953795471773,235.2650879547733,236.8306427001953,40234400,0.0,0.0
2023-01-25 00:00:00-05:00,229.4333414223457,238.0635179347867,225.93039107535145,235.43141174316406,66526600,0.0,0.0
2023-01-26 00:00:00-05:00,238.4059865757759,242.96569434652147,236.79150501374275,242.66236877441406,33454500,0.0,0.0
2023-01-27 00:00:00-05:00,243.63104656960752,244.4529638450001,241.5175322068459,242.81890869140625,26498900,0.0,0.0
2023-01-30 00:00:00-05:00,239.24746842953175,240.31401998539118,236.98718835759996,237.48622131347656,25867400,0.0,0.0
2023-01-31 00:00:00-05:00,238.21029409203948,242.61344191233738,237.72105544533972,242.47645568847656,26541100,0.0,0.0
2023-02-01 00:00:00-05:00,242.66235279117208,249.68781212878685,240.18680659624076,247.31011962890625,31259900,0.0,0.0
2023-02-02 00:00:00-05:00,253.2494929338685,258.9931497026044,251.71327646099442,258.90509033203125,39940400,0.0,0.0
2023-02-03 00:00:00-05:00,253.95401750010254,258.51372549345814,251.56653039867584,252.7896270751953,29077300,0.0,0.0
2023-02-06 00:00:00-05:00,251.89916890250527,252.74064494846758,249.29641600703994,251.2435760498047,22518000,0.0,0.0
2023-02-07 00:00:00-05:00,254.92266746149838,262.98531015234266,254.48234077073667,261.8013610839844,50841400,0.0,0.0
2023-02-08 00:00:00-05:00,267.31997580328925,270.803352152855,260.4804000537077,260.9892272949219,54686000,0.0,0.0
2023-02-09 00:00:00-05:00,267.9070581968134,268.0832067953903,257.1438084833281,257.9461669921875,42375100,0.0,0.0
2023-02-10 00:00:00-05:00,255.90116143595523,258.4060608799008,255.0498909814336,257.4373779296875,25818500,0.0,0.0
2023-02-13 00:00:00-05:00,261.8796493414977,268.6898422196811,261.4001752133106,265.4804382324219,44630900,0.0,0.0
2023-02-14 00:00:00-05:00,266.8014029280315,269.0518886421272,263.4843507418386,266.3121643066406,37047900,0.0,0.0
2023-02-15 00:00:00-05:00,263.20263513184307,265.566675446504,261.10343462754037,264.1835632324219,28922400,0.68,0.0
2023-02-16 00:00:00-05:00,258.98469132611257,261.6528176266328,256.9051280207401,257.1503601074219,29603600,0.0,0.0
2023-02-17 00:00:00-05:00,254.44291080193668,255.12954239341835,251.11755074141655,253.1382598876953,30000100,0.0,0.0
2023-02-21 00:00:00-05:00,249.62655149140514,250.6172983438043,246.79167019007645,247.85107421875,28397400,0.0,0.0
2023-02-22 00:00:00-05:00,249.24397642066796,249.4892084054105,245.5654966495298,246.7131805419922,22491100,0.0,0.0
2023-02-23 00:00:00-05:00,250.68593721432373,251.941523756375,245.70282157715738,249.9110107421875,29219100,0.0,0.0
2023-02-24 00:00:00-05:00,245.19278056900376,246.21293914937976,243.3682538076719,244.46688842773438,24990900,0.0,0.0
2023-02-27 00:00:00-05:00,247.6450992749113,247.9982339676097,244.63364301109786,245.3889617919922,21190000,0.0,0.0
2023-02-28 00:00:00-05:00,244.31977008171737,246.6936142975938,243.98624315080207,244.6630859375,22491000,0.0,0.0
2023-03-01 00:00:00-05:00,245.9775079191277,246.14426388843702,241.10229440260224,241.57315063476562,27565300,0.0,0.0
2023-03-02 00:00:00-05:00,241.84783196580932,246.60532438654516,240.92575713440505,246.32086181640625,24808200,0.0,0.0
2023-03-03 00:00:00-05:00,247.38024412553207,250.744820108994,246.5954987021246,250.42111206054688,30760100,0.0,0.0
2023-03-06 00:00:00-05:00,251.53936705600412,255.15899387446288,251.09795243692292,251.97097778320312,24109800,0.0,0.0
2023-03-07 00:00:00-05:00,251.41183036535284,252.77533463239405,248.5573413069621,249.30284118652344,21473200,0.0,0.0
2023-03-08 00:00:00-05:00,249.19496214929893,249.68542618790528,246.02656865087874,248.8614501953125,17340200,0.0,0.0
2023-03-09 00:00:00-05:00,250.94104575578916,254.6097074462763,246.78190502401517,247.50779724121094,26653400,0.0,0.0
2023-03-10 00:00:00-05:00,246.29140836322506,247.9687868907418,242.87778305422765,243.84889221191406,28333900,0.0,0.0
2023-03-13 00:00:00-04:00,242.68160000285428,252.99116366046172,241.0434519121512,249.07725524902344,33339700,0.0,0.0
2023-03-14 00:00:00-04:00,251.85329566194966,256.09091233921646,250.98027023090745,255.81625366210938,33620300,0.0,0.0
2023-03-15 00:00:00-04:00,255.02164452493233,261.3976758325825,254.26631088820125,260.37750244140625,46028000,0.0,0.0
2023-03-16 00:00:00-04:00,260.15192277848104,271.28546226233277,258.25873880453594,270.9323425292969,54768800,0.0,0.0
2023-03-17 00:00:00-04:00,272.9530086045327,277.9262903351464,271.0500060727353,274.1006774902344,69527400,0.0,0.0
2023-03-20 00:00:00-04:00,271.6974326351298,272.187896607002,264.70341160654476,267.03802490234375,43466600,0.0,0.0
2023-03-21 00:00:00-04:00,269.6375291272283,269.7552357131241,264.3797387846606,268.5585021972656,34558700,0.0,0.0
2023-03-22 00:00:00-04:00,268.1857396626866,275.6800448026521,266.98900616938766,267.096923828125,34873300,0.0,0.0
2023-03-23 00:00:00-04:00,272.63909952913014,275.6995897493697,269.9513666959404,272.36444091796875,36610900,0.0,0.0
2023-03-24 00:00:00-04:00,271.9524869231275,275.27784742962956,270.02987629936445,275.218994140625,28172000,0.0,0.0
2023-03-27 00:00:00-04:00,275.150336280782,276.0920188893076,270.26530349087056,271.1089172363281,26840200,0.0,0.0
2023-03-28 00:00:00-04:00,270.53015226795435,270.8734830687269,266.86146104578347,269.9808349609375,21878600,0.0,0.0
2023-03-29 00:00:00-04:00,273.6397300531115,275.7781763407988,273.10023150202727,275.1601867675781,25087000,0.0,0.0
2023-03-30 00:00:00-04:00,278.80924974969867,279.0348440904467,276.1116970382485,278.6326599121094,25053400,0.0,0.0
2023-03-31 00:00:00-04:00,278.31869572846455,283.7530149729274,277.60260755409064,282.801513671875,32766000,0.0,0.0
2023-04-03 00:00:00-04:00,281.0555031510767,282.77212729380244,278.5345407324913,281.7519836425781,24883300,0.0,0.0
2023-04-04 00:00:00-04:00,281.7519757409846,284.9105652724409,280.22173037151373,281.7029113769531,25824300,0.0,0.0
2023-04-05 00:00:00-04:00,280.3982640251811,281.67345840201926,277.52415228002326,278.91705322265625,22064800,0.0,0.0
2023-04-06 00:00:00-04:00,277.80860462136076,286.5094310076184,276.65111679037716,286.0386047363281,29770300,0.0,0.0
2023-04-10 00:00:00-04:00,283.6941682719904,284.07674454726254,279.279992431104,283.8707580566406,23103000,0.0,0.0
2023-04-11 00:00:00-04:00,280.30017497191614,280.52579918788547,276.26857527576567,277.43585205078125,27276600,0.0,0.0
2023-04-12 00:00:00-04:00,279.3585375506844,281.53619925147586,276.5824941090568,278.08331298828125,27403400,0.0,0.0
2023-04-13 00:00:00-04:00,278.18139424423316,284.37104811494265,277.76942120916596,284.31219482421875,24222700,0.0,0.0
2023-04-14 00:00:00-04:00,281.52638414818057,282.9781686132696,278.2795143077269,280.68280029296875,20987900,0.0,0.0
2023-04-17 00:00:00-04:00,284.4004762454157,286.03863934058404,280.7023880930552,283.2920227050781,23836200,0.0,0.0
2023-04-18 00:00:00-04:00,286.0091903829201,286.1955691018291,281.53616100019883,282.8702087402344,20161800,0.0,0.0
2023-04-19 00:00:00-04:00,280.5356257205043,283.53726339705304,279.11329789637085,282.94873046875,17150300,0.0,0.0
2023-04-20 00:00:00-04:00,279.80970610176666,283.51761266618416,279.6429351736415,280.6532897949219,23244400,0.0,0.0
2023-04-21 00:00:00-04:00,279.57433198899173,280.81028105928004,277.6615101881032,280.3100280761719,21676400,0.0,0.0
2023-04-24 00:00:00-04:00,276.71002236126867,279.5154924785271,273.4042992362368,276.3961181640625,26611000,0.0,0.0
2023-04-25 00:00:00-04:00,274.1792287517983,276.22936493295845,270.11817196073184,270.167236328125,45772200,0.0,0.0
2023-04-26 00:00:00-04:00,291.0413453207768,293.85660384994554,287.14706002026827,289.7366943359375,64599200,0.0,0.0
2023-04-27 00:00:00-04:00,290.3253471429131,299.37932603498456,289.6190775768023,299.016357421875,46462600,0.0,0.0
2023-04-28 00:00:00-04:00,298.2119472041732,303.038096464785,297.525285592319,301.39996337890625,36469600,0.0,0.0
2023-05-01 00:00:00-04:00,301.1154729285125,302.7143903771624,299.33017676280843,299.73236083984375,21294100,0.0,0.0
2023-05-02 00:00:00-04:00,301.8904224714807,303.2833235211519,298.11384353910654,299.5852355957031,26404400,0.0,0.0
2023-05-03 00:00:00-04:00,300.7721438172862,302.7241809919645,298.29039713141395,298.594482421875,22360800,0.0,0.0
2023-05-04 00:00:00-04:00,300.39939269537876,301.8904224714807,297.61356066048836,299.5852355957031,22519900,0.0,0.0
2023-05-05 00:00:00-04:00,299.8893428831968,306.0201435685824,298.4669851499672,304.7253112792969,28197100,0.0,0.0
2023-05-08 00:00:00-04:00,304.2151813185298,304.2838534576183,300.2522241306685,302.7633972167969,21318600,0.0,0.0
2023-05-09 00:00:00-04:00,302.12582546569627,304.1269269773573,300.4680547428102,301.1448974609375,21340800,0.0,0.0
2023-05-10 00:00:00-04:00,302.73398062957256,307.03044986140986,301.80211703381246,306.3536071777344,30078000,0.0,0.0
2023-05-11 00:00:00-04:00,304.1857677171531,305.1863034639446,300.419007926499,304.195556640625,31680200,0.0,0.0
2023-05-12 00:00:00-04:00,304.6272459902323,304.72534479909945,300.75259749218725,303.077392578125,19774700,0.0,0.0
2023-05-15 00:00:00-04:00,303.2048636724934,303.98959413162356,301.7236527501709,303.5579833984375,16336500,0.0,0.0
2023-05-16 00:00:00-04:00,303.92094882910635,307.72695475671816,303.92094882910635,305.7945251464844,26730300,0.0,0.0
2023-05-17 00:00:00-04:00,307.0037079063203,309.10746737687026,305.4799275878983,308.68475341796875,24315000,0.68,0.0
2023-05-18 00:00:00-04:00,309.20575514144576,313.6394211850269,308.4094689120249,313.1282043457031,27276000,0.0,0.0
2023-05-19 00:00:00-04:00,311.3784023198858,313.354387824604,311.0146702620211,312.9513244628906,27546700,0.0,0.0
2023-05-22 00:00:00-04:00,313.2068809214525,317.1293303008465,312.6268717902356,315.7431945800781,24115700,0.0,0.0
2023-05-23 00:00:00-04:00,314.612676200923,317.2571435018196,309.91359107162907,309.9234313964844,30797200,0.0,0.0
2023-05-24 00:00:00-04:00,309.4024010311534,311.14242845628706,307.3182622495086,308.53729248046875,23384900,0.0,0.0
2023-05-25 00:00:00-04:00,317.7683276646015,321.3663764150408,314.5831825416838,320.4029846191406,43301700,0.0,0.0
2023-05-26 00:00:00-04:00,318.5350972767318,327.75632087129475,318.39748274598566,327.2549743652344,36630600,0.0,0.0
2023-05-30 00:00:00-04:00,329.5554254864439,330.05677209197256,324.92513212254653,325.60345458984375,29503100,0.0,0.0
2023-05-31 00:00:00-04:00,326.6651533185743,330.2533617664541,321.78909235828155,322.8311767578125,45950600,0.0,0.0
2023-06-01 00:00:00-04:00,320.41277005822946,327.8841260635335,319.2232608919035,326.9501953125,26773900,0.0,0.0
2023-06-02 00:00:00-04:00,328.59191548486876,331.7869004521861,326.9206805784931,329.7224426269531,25873800,0.0,0.0
2023-06-05 00:00:00-04:00,329.5455740309834,332.82903267433227,328.99505581539154,330.2533874511719,21307100,0.0,0.0
2023-06-06 00:00:00-04:00,329.6536184572925,329.69294974924617,326.5471364156153,328.03155517578125,20396200,0.0,0.0
2023-06-07 00:00:00-04:00,326.03594244738656,328.8278643518396,317.04083634658787,317.90594482421875,40717100,0.0,0.0
2023-06-08 00:00:00-04:00,318.45645718009644,321.1107645064962,317.87644809786565,319.7541198730469,23277700,0.0,0.0
2023-06-09 00:00:00-04:00,319.48869141586215,324.40405344263496,318.91852262119164,321.25823974609375,22529000,0.0,0.0
2023-06-12 00:00:00-04:00,323.0179690216599,326.4784036383948,319.6558776622566,326.2326354980469,24260300,0.0,0.0
2023-06-13 00:00:00-04:00,328.80823245588505,331.27575382243526,324.7973101956696,328.63128662109375,22951300,0.0,0.0
2023-06-14 00:00:00-04:00,328.68042148204876,333.3008737465053,327.1763219152769,331.629638671875,26003800,0.0,0.0
2023-06-15 00:00:00-04:00,331.76726551850345,343.9180252922513,331.492006462169,342.2074890136719,38899100,0.0,0.0
2023-06-16 00:00:00-04:00,345.37302870803074,345.52048357890783,336.1616444283532,336.5351867675781,46552000,0.0,0.0
2023-06-20 00:00:00-04:00,333.5663176321454,336.28941757561955,330.17470560784415,332.32763671875,26375400,0.0,0.0
2023-06-21 00:00:00-04:00,330.67600481513045,332.0129986630387,326.448806180373,327.91357421875,25117800,0.0,0.0
2023-06-22 00:00:00-04:00,328.4641322789384,334.36256644173795,327.69733703781395,333.9595031738281,23556800,0.0,0.0
2023-06-23 00:00:00-04:00,328.70004562356576,332.239111966168,327.80547621565904,329.348876953125,23146900,0.0,0.0
2023-06-26 00:00:00-04:00,328.07092355992313,330.420451002799,322.9294440913957,323.03759765625,21520600,0.0,0.0
2023-06-27 00:00:00-04:00,326.242407248698,330.45979643869066,323.72574418918015,328.90655517578125,24354100,0.0,0.0
2023-06-28 00:00:00-04:00,328.99499745616725,332.258804870359,328.1593799554091,330.16485595703125,20259500,0.0,0.0
2023-06-29 00:00:00-04:00,329.04417693018956,330.4204723833769,326.9895590748973,329.37841796875,16997000,0.0,0.0
2023-06-30 00:00:00-04:00,332.03267152470943,336.92838241149826,331.4919937565217,334.77545166015625,26832800,0.0,0.0
2023-07-03 00:00:00-04:00,333.4483145492519,335.1293598763114,330.87266977887174,332.26861572265625,12508700,0.0,0.0
2023-07-05 00:00:00-04:00,329.4177043821665,335.86665648494886,329.06381274284894,332.4259033203125,18172400,0.0,0.0
2023-07-06 00:00:00-04:00,331.5903044472357,337.183988734617,329.8207861493633,335.49310302734375,28161200,0.0,0.0
2023-07-07 00:00:00-04:00,333.576146349244,336.0043364674082,331.295411096355,331.5116882324219,21214800,0.0,0.0
2023-07-10 00:00:00-04:00,328.9360510569214,329.5553915067683,322.04470351324625,326.2129211425781,32791400,0.0,0.0
2023-07-11 00:00:00-04:00,325.45596628174627,327.2254847097536,321.4646944933152,326.84210205078125,26698200,0.0,0.0
2023-07-12 00:00:00-04:00,330.9021549914973,335.86665829831014,329.9879049173375,331.49200439453125,29995300,0.0,0.0
2023-07-13 00:00:00-04:00,333.81205821506575,337.92129360338816,333.2811907244009,336.8595886230469,20567200,0.0,0.0
2023-07-14 00:00:00-04:00,341.70613067280914,345.4811250749577,338.48165441257885,339.3959045410156,28352700,0.0,0.0
2023-07-17 00:00:00-04:00,339.82845289215857,341.116275309023,336.40738021266617,339.87762451171875,20363900,0.0,0.0
2023-07-18 00:00:00-04:00,339.97592078654986,360.57129992405726,336.3779021410324,353.4046936035156,64738600,0.0,0.0
2023-07-19 00:00:00-04:00,355.62647316205454,356.3244462294896,346.47407068269024,349.0693664550781,39732900,0.0,0.0
2023-07-20 00:00:00-04:00,347.58491867049014,351.91043126765385,339.52371292046627,340.9983215332031,33778400,0.0,0.0
2023-07-21 00:00:00-04:00,343.23970925517426,344.3702364714845,334.0774676394136,337.9507751464844,69405400,0.0,0.0
2023-07-24 00:00:00-04:00,339.99559089055157,341.04748554440357,336.515506241867,339.2680969238281,26678100,0.0,0.0
2023-07-25 00:00:00-04:00,341.23427216529524,345.933387393559,339.2288259183692,345.0387878417969,41637700,0.0,0.0
2023-07-26 00:00:00-04:00,335.66022637997355,338.8355608783581,327.47121688450346,332.0523376464844,58383700,0.0,0.0
2023-07-27 00:00:00-04:00,334.71650028968384,335.55208782574067,323.47995999932067,325.1217041015625,39635300,0.0,0.0
2023-07-28 00:00:00-04:00,328.02175941976105,334.25443442734047,327.5302232519615,332.6421813964844,28484900,0.0,0.0
2023-07-31 00:00:00-04:00,331.2167760424693,331.9835713371964,327.7170105936494,330.23370361328125,25446000,0.0,0.0
2023-08-01 00:00:00-04:00,329.5160182255947,332.8093165466115,328.0512500473967,330.64654541015625,18311900,0.0,0.0
2023-08-02 00:00:00-04:00,327.9825079954194,327.9825079954194,320.8355511745765,321.9562683105469,27761300,0.0,0.0
2023-08-03 00:00:00-04:00,320.4816312040504,324.2959572590303,320.4324895800292,321.1304626464844,18253700,0.0,0.0
2023-08-04 00:00:00-04:00,326.2620478429963,329.4668732210619,321.7005778570137,322.2314453125,23741500,0.0,0.0
2023-08-07 00:00:00-04:00,322.8114668634499,325.5050755362961,321.9758493551546,324.5220031738281,17741500,0.0,0.0
2023-08-08 00:00:00-04:00,321.42533064951436,323.1850385754183,317.5323725014756,320.5307312011719,22327600,0.0,0.0
2023-08-09 00:00:00-04:00,320.9436383983928,321.5727891157856,315.61537294318714,316.7754211425781,22373300,0.0,0.0
2023-08-10 00:00:00-04:00,320.5012521187965,322.70335468908695,315.74318531670457,317.46356201171875,20113700,0.0,0.0
2023-08-11 00:00:00-04:00,314.83874557692735,316.9523450296426,313.8065016574717,315.5760498046875,24355500,0.0,0.0
2023-08-14 00:00:00-04:00,315.9496735414383,318.57446021923187,314.6618210129477,318.5548095703125,18836100,0.0,0.0
2023-08-15 00:00:00-04:00,317.53239911449145,319.5870169204076,315.4679409838277,316.41168212890625,16966300,0.0,0.0
2023-08-16 00:00:00-04:00,316.03730499135764,319.6035867530306,315.0521512600074,315.64324951171875,20698900,0.68,0.0
2023-08-17 00:00:00-04:00,315.7812344507663,317.0914758883313,311.5155012961728,312.1755676269531,21257200,0.0,0.0
2023-08-18 00:00:00-04:00,309.8209872544114,313.6532496991234,306.9246328799907,311.7814636230469,24755000,0.0,0.0
2023-08-21 00:00:00-04:00,313.2098884342759,317.97802842715464,312.33311733134,317.10125732421875,24040000,0.0,0.0
2023-08-22 00:00:00-04:00,320.66757506765094,321.23895106672995,316.68754513415576,317.6726989746094,16084600,0.0,0.0
2023-08-23 00:00:00-04:00,319.012512305478,324.31264458594995,318.6578413021839,322.1452941894531,21166400,0.0,0.0
2023-08-24 00:00:00-04:00,327.90841965393514,328.03649444705104,315.2097738519858,315.2196350097656,23281400,0.0,0.0
2023-08-25 00:00:00-04:00,316.697405641925,320.5296384398639,314.06703166493907,318.18499755859375,21684100,0.0,0.0
2023-08-28 00:00:00-04:00,320.8251800789058,321.30789580516176,316.943671823176,318.894287109375,14808500,0.0,0.0
2023-08-29 00:00:00-04:00,317.10127977619635,324.09587710343106,317.10127977619635,323.5343322753906,19284600,0.0,0.0
2023-08-30 00:00:00-04:00,323.7904777733134,324.91353735071567,321.6034353704723,323.90869140625,15222100,0.0,0.0
2023-08-31 00:00:00-04:00,324.31260564742706,325.99721003341494,321.9285204975252,322.89398193359375,26411000,0.0,0.0
2023-09-01 00:00:00-04:00,326.39129110984953,327.06118845381434,321.9285457619997,323.7806396484375,14942000,0.0,0.0
2023-09-05 00:00:00-04:00,324.1155849082222,329.8787403792181,323.78063623976607,328.5980224609375,18553900,0.0,0.0
2023-09-06 00:00:00-04:00,328.4305957244297,329.4945486553449,325.2780913747757,327.9380187988281,17535800,0.0,0.0
2023-09-07 00:00:00-04:00,326.3716326236609,328.1350363970211,324.1451752662775,325.0121154785156,18381000,0.0,0.0
2023-09-08 00:00:00-04:00,325.189406952983,331.16929760056996,324.5687552625587,329.3073425292969,19530100,0.0,0.0
2023-09-11 00:00:00-04:00,332.2332623849475,333.395766733697,330.45013638799065,332.9228820800781,16583300,0.0,0.0
2023-09-12 00:00:00-04:00,330.8343426682216,331.7899430173362,326.5587789605408,326.8444519042969,17565500,0.0,0.0
2023-09-13 00:00:00-04:00,326.39128990249543,331.8490501523294,326.2533840096043,331.0707702636719,16544400,0.0,0.0
2023-09-14 00:00:00-04:00,334.1148709499955,335.7994753569571,331.5731876353605,333.67156982421875,20267000,0.0,0.0
2023-09-15 00:00:00-04:00,331.9180476900879,332.39090229583263,324.75595997398113,325.3175048828125,37679800,0.0,0.0
2023-09-18 00:00:00-04:00,322.93334890127437,325.4947543602103,321.5147252644638,324.1746520996094,16834200,0.0,0.0
2023-09-19 00:00:00-04:00,321.32762034749874,324.49981670881084,319.69226147159173,323.7707824707031,16505900,0.0,0.0
2023-09-20 00:00:00-04:00,324.61801551751694,324.6968145876131,315.7516319386517,316.00775146484375,21436500,0.0,0.0
2023-09-21 00:00:00-04:00,314.520182651958,320.5197651300431,310.32341823236436,314.7861633300781,35560400,0.0,0.0
2023-09-22 00:00:00-04:00,316.54966083939325,316.67773565771677,311.4564019081712,312.30364990234375,21447900,0.0,0.0
2023-09-25 00:00:00-04:00,311.88983649741465,312.9538194326375,310.3234455703718,312.82574462890625,17836000,0.0,0.0
2023-09-26 00:00:00-04:00,310.4515206404709,311.190385987701,305.41736910779923,307.50592041015625,26297600,0.0,0.0
2023-09-27 00:00:00-04:00,307.6635249378913,309.6338325713444,305.0922879071992,308.1462707519531,19410100,0.0,0.0
2023-09-28 00:00:00-04:00,306.3729610383482,310.7963219055671,304.85584588034675,308.983642578125,19683600,0.0,0.0
2023-09-29 00:00:00-04:00,313.03259381243663,314.7270594095326,310.303728837514,311.0622863769531,24147300,0.0,0.0
2023-10-02 00:00:00-04:00,311.5844231256774,317.1111512307064,310.50074800072014,317.0224609375,20570000,0.0,0.0
2023-10-03 00:00:00-04:00,316.06691362272,316.61862746801495,306.58973788163564,308.7373962402344,21033500,0.0,0.0
2023-10-04 00:00:00-04:00,309.36783899365224,315.2886228065035,309.3382855829603,314.2246398925781,20720100,0.0,0.0
2023-10-05 00:00:00-04:00,314.3527326674706,315.2295340089772,310.2249357059366,314.61871337890625,16965600,0.0,0.0
2023-10-06 00:00:00-04:00,311.8504393547701,324.3027984562463,311.6041508921413,322.4014587402344,25673600,0.0,0.0
2023-10-09 00:00:00-04:00,319.92866439936114,325.3962554141024,318.3819658733118,324.92340087890625,19891200,0.0,0.0
2023-10-10 00:00:00-04:00,326.0465014357721,326.1844374022075,322.80536699864604,323.5146789550781,20557100,0.0,0.0
2023-10-11 00:00:00-04:00,326.29280544996425,327.87891881705485,324.25355978443383,327.48486328125,20063200,0.0,0.0
2023-10-12 00:00:00-04:00,325.662293149409,328.67686131918805,323.8397526385864,326.2435302734375,19313100,0.0,0.0
2023-10-13 00:00:00-04:00,327.44539972348696,328.8738545851508,321.5147550613679,322.86444091796875,21072400,0.0,0.0
2023-10-16 00:00:00-04:00,326.1351476327568,331.14960684186315,325.69184646938805,327.7015686035156,22158000,0.0,0.0
2023-10-17 00:00:00-04:00,324.69685675416497,328.5093973778692,322.54922855719866,327.13018798828125,18338500,0.0,0.0
2023-10-18 00:00:00-04:00,327.5538080369347,330.60779111602983,323.42601082295175,325.2091369628906,23153600,0.0,0.0
2023-10-19 00:00:00-04:00,327.2188179633477,331.87860610828534,325.99723691191247,326.4011535644531,25052100,0.0,0.0
2023-10-20 00:00:00-04:00,326.7952668461901,326.9923096603971,320.61836245301083,321.82025146484375,25027700,0.0,0.0
2023-10-23 00:00:00-04:00,320.63799913570296,327.79022513571806,319.57404629112153,324.43084716796875,24374700,0.0,0.0
2023-10-24 00:00:00-04:00,326.38142132445483,326.9134127609565,322.73637053310733,325.62286376953125,31153600,0.0,0.0
2023-10-25 00:00:00-04:00,339.8977298889024,341.06023414202036,332.60759828291276,335.6123352050781,55053800,0.0,0.0
2023-10-26 00:00:00-04:00,335.48428431504954,336.5580983520132,322.086186588402,323.0220947265625,37828500,0.0,0.0
2023-10-27 00:00:00-04:00,325.52439534284554,331.7210217801317,323.5245341322268,324.9136047363281,29856500,0.0,0.0
2023-10-30 00:00:00-04:00,328.46012188812404,334.41045907381,326.9035620962308,332.3022155761719,22828100,0.0,0.0
2023-10-31 00:00:00-04:00,333.8193968608595,333.9671639293421,329.7211531293836,333.0903625488281,20265300,0.0,0.0
2023-11-01 00:00:00-04:00,334.74542515005817,342.2621536122384,334.6074891841975,340.93218994140625,28158800,0.0,0.0
2023-11-02 00:00:00-04:00,342.0847902707167,343.6511811792391,339.65145922211735,343.1487731933594,24348100,0.0,0.0
2023-11-03 00:00:00-04:00,344.4392745976577,349.1286155805609,342.17340316962725,347.56219482421875,23637700,0.0,0.0
2023-11-06 00:00:00-05:00,348.2026472687151,352.23192298801735,348.1041258688438,351.2369079589844,23828300,0.0,0.0
2023-11-07 00:00:00-05:00,354.0642920772967,357.0788604906001,352.3205805643499,355.1775207519531,25833900,0.0,0.0
2023-11-08 00:00:00-05:00,356.3103779664203,358.46786694409883,355.19714949082766,357.8078308105469,26767800,0.0,0.0
2023-11-09 00:00:00-05:00,356.92119665439174,359.3742499704996,355.0099959471622,355.3351135253906,24847300,0.0,0.0
2023-11-10 00:00:00-05:00,356.12324268113645,364.60543265510057,355.70949491528955,364.18182373046875,28042100,0.0,0.0
2023-11-13 00:00:00-05:00,362.75338204561734,362.9996705286187,360.46781770788186,361.2362365722656,19986500,0.0,0.0
2023-11-14 00:00:00-05:00,365.5019224424188,366.42796942333877,361.8962559120404,364.77288818359375,27683900,0.0,0.0
2023-11-15 00:00:00-05:00,366.5102924140752,368.33653212587393,362.39384971370214,364.9209899902344,26860100,0.75,0.0
2023-11-16 00:00:00-05:00,366.1944031837435,371.5151742717362,365.4244247654556,371.3374938964844,27182300,0.0,0.0
2023-11-17 00:00:00-05:00,368.81033934726474,369.56058551454436,362.2852703283084,365.0986633300781,40157000,0.0,0.0
2023-11-20 00:00:00-05:00,366.4510910910283,374.0028086735615,366.2339161351991,372.5911865234375,52465100,0.0,0.0
2023-11-21 00:00:00-05:00,370.8439180073763,371.38684030809384,366.35235211982354,368.2773132324219,28423100,0.0,0.0
2023-11-22 00:00:00-05:00,373.14394709672723,374.9109599374389,370.1528738051793,372.9958801269531,23345300,0.0,0.0
2023-11-24 00:00:00-05:00,372.4824859349942,373.11427841311246,370.3206482455872,372.5812072753906,10176600,0.0,0.0
2023-11-27 00:00:00-05:00,371.9396164792958,375.75004385501524,371.36708082466845,373.74609375,22179200,0.0,0.0
2023-11-28 00:00:00-05:00,373.4894767472904,378.07973380889825,373.3019152003715,377.7835998535156,20453100,0.0,0.0
2023-11-29 00:00:00-05:00,378.8299276120449,379.36296865802484,372.5911120600972,373.9830017089844,28963400,0.0,0.0
2023-11-30 00:00:00-05:00,373.6276491974568,375.2071005292818,370.64645702621425,374.0422668457031,30554400,0.0,0.0
2023-12-01 00:00:00-05:00,371.91985572486345,373.3018642037359,366.5398586413122,369.6987609863281,33040500,0.0,0.0
2023-12-04 00:00:00-05:00,364.3583020623017,364.77288959280634,358.23793933360014,364.3977966308594,32063300,0.0,0.0
2023-12-05 00:00:00-05:00,361.742346716279,368.28714793242324,360.92299258913255,367.7343444824219,23065000,0.0,0.0
2023-12-06 00:00:00-05:00,368.74126102951465,369.37302349150957,363.30203657488124,364.0621337890625,21182100,0.0,0.0
2023-12-07 00:00:00-05:00,363.49945123863137,366.6780859011841,361.6139849204982,366.18450927734375,23118900,0.0,0.0
2023-12-08 00:00:00-05:00,364.45701385787805,369.6494197796378,363.4994739427989,369.4223937988281,20154400,0.0,0.0
2023-12-11 00:00:00-05:00,363.7462494405494,366.8261628369694,361.39681982710596,366.5299987792969,27708800,0.0,0.0
2023-12-12 00:00:00-05:00,366.08578484040567,369.60992913503406,365.70078061680414,369.5704345703125,24838300,0.0,0.0
2023-12-13 00:00:00-05:00,371.18940497024636,372.78861875933916,366.00684969916756,369.56060791015625,30955500,0.0,0.0
2023-12-14 00:00:00-05:00,368.51423129541524,368.95846237315817,359.45217036391796,361.2290344238281,43277500,0.0,0.0
2023-12-15 00:00:00-05:00,362.13718664647274,367.6158752980434,361.57450204697403,365.96734619140625,78502300,0.0,0.0
2023-12-18 00:00:00-05:00,364.70382867203534,368.2082111244825,363.9437012883022,367.8627014160156,21802900,0.0,0.0
2023-12-19 00:00:00-05:00,366.7175631601881,368.46484375,365.0887662696819,368.46484375,20603700,0.0,0.0
2023-12-20 00:00:00-05:00,370.18250108115,371.19926781243174,365.7699244632415,365.8587646484375,26316700,0.0,0.0
2023-12-21 00:00:00-05:00,367.77385084137376,369.60009056981636,365.2862352366139,368.74127197265625,17708000,0.0,0.0
2023-12-22 00:00:00-05:00,368.8794208793357,370.3601507609569,367.921881017533,369.7678527832031,17107500,0.0,0.0
2023-12-26 00:00:00-05:00,370.1825218486259,372.0976018383653,368.70179176123145,369.8468933105469,12673100,0.0,0.0
2023-12-27 00:00:00-05:00,368.8893422344082,370.241737520185,368.0206424558139,369.26446533203125,14905400,0.0,0.0
2023-12-28 00:00:00-05:00,370.5477330050664,371.62372649746874,369.3532859355964,370.4588928222656,14327000,0.0,0.0
2023-12-29 00:00:00-05:00,371.1696118812418,372.3147132350874,368.68199660424824,371.2091064453125,18730800,0.0,0.0
2024-01-02 00:00:00-05:00,369.0571391968686,371.07094047816395,362.0582255182153,366.1055603027344,25258600,0.0,0.0
2024-01-03 00:00:00-05:00,364.2694496401492,368.46485117398277,363.77587298911,365.8390197753906,23083500,0.0,0.0
2024-01-04 00:00:00-05:00,365.9081044717195,368.30687961312606,362.4530681341208,363.2131652832031,20901500,0.0,0.0
2024-01-05 00:00:00-05:00,364.22996302547705,367.2802631804361,361.7916931110851,363.025634765625,21004600,0.0,0.0
2024-01-08 00:00:00-05:00,364.5557242835835,370.3799532157685,364.2694714991835,369.8764953613281,23134000,0.0,0.0
2024-01-09 00:00:00-05:00,367.23093330789527,371.15978442404423,366.4214603176876,370.9623718261719,20830000,0.0,0.0
2024-01-10 00:00:00-05:00,371.5348559748048,379.23466923624073,371.48551036356565,377.8526306152344,25514200,0.0,0.0
2024-01-11 00:00:00-05:00,381.0411463241009,385.6610162048473,375.49334999822275,379.6887512207031,27850800,0.0,0.0
2024-01-12 00:00:00-05:00,380.53773385254453,383.68675543751164,379.7085286566561,383.4794616699219,21661200,0.0,0.0
2024-01-16 00:00:00-05:00,388.6027813692521,388.9680232792621,382.64036685364044,385.2563171386719,27202300,0.0,0.0
2024-01-17 00:00:00-05:00,382.99573452754953,385.0983456761598,379.86644542285876,384.4665832519531,22234100,0.0,0.0
2024-01-18 00:00:00-05:00,386.68768506128634,388.92851216757646,385.10823378403643,388.81005859375,23392100,0.0,0.0
2024-01-19 00:00:00-05:00,390.67584188543066,393.5484619140625,388.44486554606345,393.5484619140625,29331100,0.0,0.0
2024-01-22 00:00:00-05:00,394.8810558423085,395.4733538528461,388.5336672952226,391.4161682128906,27016900,0.0,0.0
2024-01-23 00:00:00-05:00,390.6659247403921,394.24929609694567,388.8692984754516,393.77545166015625,20525900,0.0,0.0
2024-01-24 00:00:00-05:00,396.38154221940175,400.4189955779341,395.30554874370245,397.388427734375,24867000,0.0,0.0
2024-01-25 00:00:00-05:00,399.12587040416065,401.7813154634368,397.3588573808602,399.6687927246094,21021200,0.0,0.0
2024-01-26 00:00:00-05:00,399.1752251606538,400.9521193988072,397.26014510844533,398.7408752441406,17803300,0.0,0.0
2024-01-29 00:00:00-05:00,400.8434667217464,404.71312091427023,399.13568066698633,404.4564514160156,24510200,0.0,0.0
2024-01-30 00:00:00-05:00,406.963808061775,407.7436374380847,401.228450095284,403.3409423828125,33477600,0.0,0.0
2024-01-31 00:00:00-05:00,401.731946506787,409.98456474557076,392.10720068242125,392.4724426269531,47871100,0.0,0.0
2024-02-01 00:00:00-05:00,396.6678123790341,402.75856172705096,396.63819898392825,398.5927734375,30657700,0.0,0.0
2024-02-02 00:00:00-05:00,398.6224449465415,407.3488781077639,398.3756565761714,405.937255859375,28256700,0.0,0.0
2024-02-05 00:00:00-05:00,404.6341529667765,405.8779758304878,398.8000730412909,400.4387512207031,25352300,0.0,0.0
2024-02-06 00:00:00-05:00,400.6658270403805,402.7289740324924,397.73398023568876,400.28082275390625,18382600,0.0,0.0
2024-02-07 00:00:00-05:00,402.2057357082919,408.97759276390855,402.16624114185635,408.7308044433594,22340500,0.0,0.0
2024-02-08 00:00:00-05:00,408.7308122744756,410.22142339932105,407.23035010197816,408.7900390625,21225300,0.0,0.0
2024-02-09 00:00:00-05:00,409.9154079087516,415.4138590210017,409.757459765656,415.1473083496094,22032800,0.0,0.0
2024-02-12 00:00:00-05:00,415.1571934592156,415.3348738248099,409.4218351407045,409.92529296875,21202900,0.0,0.0
2024-02-13 00:00:00-05:00,399.7378518266166,404.8019529758041,398.2077762920108,401.1001281738281,27824900,0.0,0.0
2024-02-14 00:00:00-05:00,403.57262609504295,405.32310787901633,400.1111999525174,404.9769592285156,20401200,0.75,0.0
2024-02-15 00:00:00-05:00,403.6418270582009,404.6209064246705,399.8342525934749,402.0792236328125,21825500,0.0,0.0
2024-02-16 00:00:00-05:00,403.4637923812322,403.7901722944783,398.99361896429224,399.6067810058594,22296500,0.0,0.0
2024-02-20 00:00:00-05:00,398.7958219344355,400.0320454973026,393.62348186339256,398.3507995605469,24307900,0.0,0.0
2024-02-21 00:00:00-05:00,395.7596706387702,397.8563009238514,392.8421710254568,397.74749755859375,18518900,0.0,0.0
2024-02-22 00:00:00-05:00,405.66919761409457,408.28008583103167,404.0670568612319,407.11309814453125,27009900,0.0,0.0
2024-02-23 00:00:00-05:00,411.0888399370884,411.27671814639945,404.46266976176094,405.81756591796875,16295900,0.0,0.0
2024-02-26 00:00:00-05:00,406.9252114178632,407.61750865515694,402.87039227350954,403.0484313964844,16193500,0.0,0.0
2024-02-27 00:00:00-05:00,403.49343334978465,403.819813241038,399.39907699066305,402.98907470703125,14835800,0.0,0.0
2024-02-28 00:00:00-05:00,403.6813316781892,404.7889830292892,400.85286699100425,403.2264099121094,13183100,0.0,0.0
2024-02-29 00:00:00-05:00,404.13634340042967,409.6350635504339,401.4463196436388,409.08123779296875,31947300,0.0,0.0
2024-03-01 00:00:00-05:00,406.7372936922519,411.2866021355908,406.3516076606767,410.9206848144531,17823400,0.0,0.0
2024-03-04 00:00:00-05:00,408.8834074088287,412.75031823241517,407.7757559549475,410.34710693359375,17596000,0.0,0.0
2024-03-05 00:00:00-05:00,409.39765868898735,409.6844709938999,396.22448391124544,398.2123107910156,26919200,0.0,0.0
2024-03-06 00:00:00-05:00,398.52878394681863,400.69464990996806,393.9992743713947,397.6584777832031,22344100,0.0,0.0
2024-03-07 00:00:00-05:00,401.644063065413,405.26372907387855,397.8068205149772,404.63079833984375,18718500,0.0,0.0
2024-03-08 00:00:00-05:00,403.4637944607813,405.89670410960423,399.87379648400184,401.74298095703125,18002200,0.0,0.0
2024-03-11 00:00:00-04:00,399.31010315335084,401.20892561066205,396.8376560715736,400.06170654296875,16120800,0.0,0.0
2024-03-12 00:00:00-04:00,403.1275136284859,410.98990677094014,402.306674544951,410.7030944824219,22457000,0.0,0.0
2024-03-13 00:00:00-04:00,413.49205243943396,413.571157465626,406.9153492946695,410.5251159667969,17115900,0.0,0.0
2024-03-14 00:00:00-04:00,415.6084741741532,423.1049509734387,413.38327169789596,420.5335998535156,34157300,0.0,0.0
2024-03-15 00:00:00-04:00,414.66893074173265,417.9424481650146,408.2405685225254,411.83056640625,45079900,0.0,0.0
2024-03-18 00:00:00-04:00,409.6844699154105,416.09306343618266,409.2196486698743,412.72064208984375,20106000,0.0,0.0
2024-03-19 00:00:00-04:00,413.2250029233721,417.0227081134529,410.970132443708,416.76556396484375,19837900,0.0,0.0
2024-03-20 00:00:00-04:00,417.3490447100486,421.26539222387987,416.02381676802577,420.54345703125,17860100,0.0,0.0
2024-03-21 00:00:00-04:00,425.092769724827,426.07187931857345,422.45221307253894,424.6378479003906,21296200,0.0,0.0
2024-03-22 00:00:00-04:00,424.9641813215602,425.12239136221154,421.3741836269024,424.0147399902344,17648500,0.0,0.0
2024-03-25 00:00:00-04:00,420.5533287801241,422.6994260228323,416.9633309623895,418.1995544433594,18060500,0.0,0.0
2024-03-26 00:00:00-04:00,420.91921590838507,421.2950326486401,416.70618711068727,417.00286865234375,16725600,0.0,0.0
2024-03-27 00:00:00-04:00,419.7621752794236,419.7720747256789,414.3920274982848,416.78533935546875,16705000,0.0,0.0
2024-03-28 00:00:00-04:00,416.3204751185283,417.2204493789311,414.5007578884914,416.0831298828125,21871200,0.0,0.0
2024-04-01 00:00:00-04:00,419.27755455465604,423.17413325734867,417.5666104461178,419.8907165527344,16316000,0.0,0.0
2024-04-02 00:00:00-04:00,415.4798683479255,417.72486953541625,413.2348973416725,416.79522705078125,17912000,0.0,0.0
2024-04-03 00:00:00-04:00,415.1040961428757,418.59519021361444,414.47113520321466,415.816162109375,16502300,0.0,0.0
2024-04-04 00:00:00-04:00,420.30610003731573,423.9455650411732,412.96789407723793,413.27447509765625,19370900,0.0,0.0
2024-04-05 00:00:00-04:00,415.3810083958257,421.809370796235,413.7096317572202,420.83026123046875,16554800,0.0,0.0
2024-04-08 00:00:00-04:00,420.48414709018743,422.5708779576157,418.63473130535374,419.9105224609375,14272400,0.0,0.0
2024-04-09 00:00:00-04:00,421.740088361701,423.0257486270067,416.9732036811313,421.58184814453125,12496900,0.0,0.0
2024-04-10 00:00:00-04:00,417.53693930657715,419.35665657798455,415.0743918863348,418.59515380859375,16216600,0.0,0.0
2024-04-11 00:00:00-04:00,421.1269533333631,424.6378159464607,417.7050650079003,423.21368408203125,17966400,0.0,0.0
2024-04-12 00:00:00-04:00,419.3764509864425,420.4940018672189,415.14362290023075,417.2501525878906,19253800,0.0,0.0
2024-04-15 00:00:00-04:00,421.8983956076828,422.1159721682041,408.8735304979892,409.08123779296875,20273500,0.0,0.0
2024-04-16 00:00:00-04:00,410.00096447508815,413.7887401482267,409.1702258721835,410.0108337402344,16765600,0.0,0.0
2024-04-17 00:00:00-04:00,412.65137340217865,414.26341355447306,405.80762733886866,407.3009948730469,15855500,0.0,0.0
2024-04-18 00:00:00-04:00,406.1043740582622,407.3504970183281,399.49800284316774,399.814453125,21029900,0.0,0.0
2024-04-19 00:00:00-04:00,399.5771115531844,401.0111429150955,393.3860944801934,394.7212219238281,30565800,0.0,0.0
2024-04-22 00:00:00-04:00,395.6706179149051,398.41010845767454,391.38835306759285,396.5409240722656,20286900,0.0,0.0
2024-04-23 00:00:00-04:00,399.78477819553336,403.70115595190015,398.61779046162303,403.0780944824219,15734500,0.0,0.0
2024-04-24 00:00:00-04:00,405.04615566067775,407.92408759573516,402.2967957988556,404.5516662597656,15065300,0.0,0.0
2024-04-25 00:00:00-04:00,389.68729663578705,395.4827278196125,383.75342412085615,394.64208984375,40586500,0.0,0.0
2024-04-26 00:00:00-04:00,407.6273897054112,408.4482287983126,401.28803221781004,401.84185791015625,29694700,0.0,0.0
2024-04-29 00:00:00-04:00,400.7836477446808,401.84186227525186,394.7904387950027,397.81671142578125,19582100,0.0,0.0
2024-04-30 00:00:00-04:00,397.0651100086482,397.727739119863,384.88091347817664,385.03912353515625,28781400,0.0,0.0
2024-05-01 00:00:00-04:00,388.2829428234783,397.29255516859246,386.0083037107917,390.5872802734375,23562500,0.0,0.0
2024-05-02 00:00:00-04:00,393.2773133250789,395.5222843363775,390.30047747836124,393.455322265625,17709400,0.0,0.0
2024-05-03 00:00:00-04:00,397.8463688482122,402.6626905136215,397.4309844950286,402.1781005859375,17446700,0.0,0.0
2024-05-06 00:00:00-04:00,404.25501253124213,409.3680163872942,401.89133854511044,408.9823303222656,16996600,0.0,0.0
2024-05-07 00:00:00-04:00,410.08995728026827,410.0998567263718,404.5813380609886,404.8285827636719,20018200,0.0,0.0
2024-05-08 00:00:00-04:00,403.6714754994307,407.68672686794355,402.2275447730789,406.0153503417969,11792300,0.0,0.0
2024-05-09 00:00:00-04:00,406.0450438901993,408.1713423301442,404.59124380852967,407.7757568359375,14689700,0.0,0.0
2024-05-10 00:00:00-04:00,408.3889175739522,410.8020283165112,407.2614672287658,410.1690673828125,13402300,0.0,0.0
2024-05-13 00:00:00-04:00,413.4030363250276,413.73928549404195,406.29227636469005,409.1603088378906,15440200,0.0,0.0
2024-05-14 00:00:00-04:00,407.47905225770086,412.8887677392151,407.01423099397886,411.9690246582031,15109300,0.0,0.0
2024-05-15 00:00:00-04:00,414.039731407047,419.89514266479534,413.41554606061356,419.171875,22239500,0.75,0.0
2024-05-16 00:00:00-04:00,417.9036505371182,421.4902365295034,416.4670629155656,417.10113525390625,17530100,0.0,0.0
2024-05-17 00:00:00-04:00,418.63686307177926,419.01335772051186,414.1685137971008,416.328369140625,15352200,0.0,0.0
2024-05-20 00:00:00-04:00,416.32836301288194,422.82776355183796,416.11039402133315,421.4109802246094,16272100,0.0,0.0
2024-05-21 00:00:00-04:00,422.8872055338078,428.9705026738853,420.92551485184475,425.0768127441406,21453300,0.0,0.0
2024-05-22 00:00:00-04:00,426.1171006588035,428.41567724259045,423.1844517072994,426.5431213378906,18073700,0.0,0.0
2024-05-23 00:00:00-04:00,428.97051846736764,429.5947037930371,421.4902723328989,423.0556640625,17211700,0.0,0.0
2024-05-24 00:00:00-04:00,423.24386583453116,427.078112153027,420.48954709195647,426.1864318847656,11855300,0.0,0.0
2024-05-28 00:00:00-04:00,425.6613420880028,426.8403520047686,422.65933260946946,426.344970703125,15718000,0.0,0.0
2024-05-29 00:00:00-04:00,421.75776247263485,426.95926647856015,421.75776247263485,425.20562744140625,15517100,0.0,0.0
2024-05-30 00:00:00-04:00,420.38058819244,420.38058819244,410.4135181651845,410.8395690917969,28394500,0.0,0.0
2024-05-31 00:00:00-04:00,412.90034931684085,412.90034931684085,400.7734237177811,411.2953186035156,47995300,0.0,0.0
2024-06-03 00:00:00-04:00,411.6916074194493,412.58328776743826,405.14268074171713,409.7001647949219,17484700,0.0,0.0
2024-06-04 00:00:00-04:00,408.62023297171766,412.5932008783865,405.89563568095855,412.22662353515625,14348900,0.0,0.0
2024-06-05 00:00:00-04:00,413.9505214749818,420.16259212196985,412.4544602663816,420.09326171875,16988000,0.0,0.0
2024-06-06 00:00:00-04:00,420.09327287817626,421.3812522043053,416.69493407447,420.5985412597656,14861300,0.0,0.0
2024-06-07 00:00:00-04:00,422.26302099566783,422.3422686978654,419.09256866562976,419.9347229003906,13621700,0.0,0.0
2024-06-10 00:00:00-04:00,420.7769322189121,424.1256847583601,419.97441684803016,423.9176330566406,13982900,0.0,0.0
2024-06-11 00:00:00-04:00,421.5497237355039,428.8219183123646,421.3218374300627,428.6831970214844,14551100,0.0,0.0
2024-06-12 00:00:00-04:00,431.29881078427445,439.3041598174871,429.2479248102113,436.98577880859375,22366200,0.0,0.0
2024-06-13 00:00:00-04:00,436.7777391476236,439.2942848532079,435.31139947750404,437.5009765625,15960600,0.0,0.0
2024-06-14 00:00:00-04:00,434.23146172147676,439.04658401937843,432.6858743754039,438.4818420410156,13582000,0.0,0.0
2024-06-17 00:00:00-04:00,438.5016341053226,446.774508213362,436.64891280244507,444.2282409667969,20790000,0.0,0.0
2024-06-18 00:00:00-04:00,445.555845140434,445.98189604209904,440.7803923365249,442.21697998046875,17112500,0.0,0.0
2024-06-20 00:00:00-04:00,442.17734964919055,442.4052359389207,437.1938148300054,441.5829162597656,19877400,0.0,0.0
2024-06-21 00:00:00-04:00,443.24738936292533,446.41781163119543,442.3854307142529,445.6252136230469,34187100,0.0,0.0
2024-06-24 00:00:00-04:00,445.64505871404725,448.5678208280709,442.2863888206815,443.5347595214844,15913700,0.0,0.0
2024-06-25 00:00:00-04:00,444.10932227563205,447.25005292816024,442.62317841971804,446.7843933105469,16413400,0.0,0.0
2024-06-26 00:00:00-04:00,444.8524625348744,449.40997710686634,444.0499471482649,447.9832763671875,16507000,0.0,0.0
2024-06-27 00:00:00-04:00,448.00304584092294,451.9562093572158,447.5968295279366,448.6668701171875,14806300,0.0,0.0
2024-06-28 00:00:00-04:00,448.88481228887935,451.1734714446709,442.28632983499693,442.82135009765625,28362300,0.0,0.0
2024-07-01 00:00:00-04:00,444.5155853207817,453.1451197526249,441.5432972962699,452.51104736328125,17662800,0.0,0.0
2024-07-02 00:00:00-04:00,449.0136518862479,455.3446095932429,448.92445663899935,455.0374755859375,13979800,0.0,0.0
2024-07-03 00:00:00-04:00,453.957548019874,456.76139305889615,453.65041401249385,456.5137023925781,9932800,0.0,0.0
2024-07-05 00:00:00-04:00,455.36442189594607,464.02370829945494,454.73034950183035,463.2409973144531,16000300,0.0,0.0
2024-07-08 00:00:00-04:00,462.24033104325304,463.37973235023577,460.16964060410885,461.9331970214844,12962300,0.0,0.0
2024-07-09 00:00:00-04:00,462.6861553304454,463.0130936996793,453.7692915232205,455.2950744628906,17207200,0.0,0.0
2024-07-10 00:00:00-04:00,456.9595196174992,462.1511058756038,454.6213041996988,461.94305419921875,18196100,0.0,0.0
2024-07-11 00:00:00-04:00,458.70329986086364,460.4866605260143,447.37885985942484,450.4997863769531,23111200,0.0,0.0
2024-07-12 00:00:00-04:00,450.1331757277914,452.1444226722039,446.48717647887116,449.3603820800781,16324300,0.0,0.0
2024-07-15 00:00:00-04:00,449.112725062158,453.03616716967895,447.26000362922343,449.7666320800781,14429400,0.0,0.0
2024-07-16 00:00:00-04:00,450.0242112870306,450.1034589951911,442.53404808528967,445.36761474609375,17175700,0.0,0.0
2024-07-17 00:00:00-04:00,438.5016022168758,440.74073530043466,435.1230982249808,439.4230041503906,21778000,0.0,0.0
2024-07-18 00:00:00-04:00,440.23548357189634,440.5426175824252,430.38730015927666,436.3021545410156,20794800,0.0,0.0
2024-07-19 00:00:00-04:00,429.0993277918271,437.06506829851725,428.00948278389916,433.072265625,20940400,0.0,0.0
2024-07-22 00:00:00-04:00,437.7090177284673,440.49305821693935,434.85561660140024,438.848388671875,15808800,0.0,0.0
2024-07-23 00:00:00-04:00,439.7995470523178,444.2480920401895,439.00694900358457,440.74078369140625,13107100,0.0,0.0
2024-07-24 00:00:00-04:00,436.38137484752554,437.40185905899966,423.64015280188113,424.93804931640625,26805800,0.0,0.0
2024-07-25 00:00:00-04:00,424.8390522151794,425.82981495843836,413.6533626134747,414.5351257324219,29943800,0.0,0.0
2024-07-26 00:00:00-04:00,414.33694493801545,424.9579215661057,413.41551271082733,421.34161376953125,23583800,0.0,0.0
2024-07-29 00:00:00-04:00,427.59332152811265,428.15806348242296,420.77690004799786,422.78814697265625,15125800,0.0,0.0
2024-07-30 00:00:00-04:00,423.7690154776861,425.0867165408092,413.5046983714735,419.01336669921875,32687600,0.0,0.0
2024-07-31 00:00:00-04:00,416.6157295335089,417.8839046232563,408.4022980048962,414.485595703125,42891400,0.0,0.0
2024-08-01 00:00:00-04:00,416.9030180044247,423.5113878535516,409.2741336141255,413.2569885253906,30296400,0.0,0.0
2024-08-02 00:00:00-04:00,408.6796950737874,411.1665191178448,400.60498514306653,404.7166442871094,29437900,0.0,0.0
2024-08-05 00:00:00-04:00,385.57513628803423,397.3354847916009,382.0182715597293,391.4998779296875,40709200,0.0,0.0
2024-08-06 00:00:00-04:00,396.3051131703428,401.92275145323185,394.818968995954,395.918701171875,24946500,0.0,0.0
2024-08-07 00:00:00-04:00,404.865250325625,406.2919206772892,393.79841858999345,394.7495422363281,20650900,0.0,0.0
2024-08-08 00:00:00-04:00,398.7225546793256,402.1109462771406,396.24564785929977,398.9702453613281,20203000,0.0,0.0
2024-08-09 00:00:00-04:00,400.2978317019802,404.2806866644843,398.5441926988125,402.2694396972656,19276700,0.0,0.0
2024-08-12 00:00:00-04:00,403.29987574188414,404.98418448253045,400.50591757780563,403.05218505859375,16762900,0.0,0.0
2024-08-13 00:00:00-04:00,405.8064543815787,411.1169577013194,405.7866500141935,410.1856384277344,19414300,0.0,0.0
2024-08-14 00:00:00-04:00,410.9683392009438,413.8613794713292,408.6400711388976,413.0093078613281,18267000,0.0,0.0
2024-08-15 00:00:00-04:00,416.671793760154,417.972029702109,414.5477559984779,417.89263916015625,20752100,0.75,0.0
2024-08-16 00:00:00-04:00,417.4658479496036,418.20032404609645,414.19042017435385,415.3517150878906,22775600,0.0,0.0
2024-08-19 00:00:00-04:00,415.8380594178836,418.60727787010427,413.3566884761521,418.388916015625,15234000,0.0,0.0
2024-08-20 00:00:00-04:00,418.5576761663757,422.6866508922164,418.4981256850532,421.6345520019531,16387600,0.0,0.0
2024-08-21 00:00:00-04:00,420.9199114166435,423.22263097030424,418.57751173597626,420.9794921875,16067300,0.0,0.0
2024-08-22 00:00:00-04:00,421.1978093601494,423.6097249060729,411.5204628076481,412.4534606933594,19361900,0.0,0.0
2024-08-23 00:00:00-04:00,413.87282122855413,416.13583025134443,409.0192452654988,413.6842346191406,18493800,0.0,0.0
2024-08-26 00:00:00-04:00,413.26738834241513,414.17061105594456,408.274870910172,410.4088439941406,13152800,0.0,0.0
2024-08-27 00:00:00-04:00,409.7835172509794,411.27233984867695,407.19298047026894,410.7562255859375,13492900,0.0,0.0
2024-08-28 00:00:00-04:00,411.7884806509906,411.9075816112939,404.2748820734033,407.5403747558594,14882700,0.0,0.0
2024-08-29 00:00:00-04:00,411.8480408399638,418.9050455158515,407.5403843631331,410.0415954589844,17045200,0.0,0.0
2024-08-30 00:00:00-04:00,412.50311373853776,414.37901443017955,409.05896964037805,414.0316467285156,24308300,0.0,0.0
2024-09-03 00:00:00-04:00,414.79592463376775,416.7512462836699,403.99699269665393,406.3890380859375,20313600,0.0,0.0
2024-09-04 00:00:00-04:00,402.8853476688359,408.1756176150405,401.356814564364,405.8530578613281,15135800,0.0,0.0
2024-09-05 00:00:00-04:00,404.5825811257243,410.021757358501,403.10369367639237,405.34686279296875,14195500,0.0,0.0
2024-09-06 00:00:00-04:00,406.01186815612465,407.5900165631096,397.81340823350934,398.70672607421875,19609500,0.0,0.0
2024-09-09 00:00:00-04:00,404.2054095225525,405.6049064318399,399.1533416913916,402.6967468261719,15295100,0.0,0.0
2024-09-10 00:00:00-04:00,405.1582655587275,413.2276585385216,404.6619913629379,411.1135559082031,19594300,0.0,0.0
2024-09-11 00:00:00-04:00,412.4038716868024,420.83059814465895,406.527971667463,419.8876953125,19266900,0.0,0.0
2024-09-12 00:00:00-04:00,420.1556701684846,424.18541433930886,416.62220020874884,423.81817626953125,17395700,0.0,0.0
2024-09-13 00:00:00-04:00,422.65686865025475,428.61215900524985,422.2896305914577,427.38140869140625,15874600,0.0,0.0
2024-09-16 00:00:00-04:00,427.3913478501723,430.2995073976486,425.0290778075874,428.1258239746094,13834700,0.0,0.0
2024-09-17 00:00:00-04:00,436.949603136594,438.5575267353336,429.0488958810436,431.9074401855469,18874200,0.0,0.0
2024-09-18 00:00:00-04:00,431.75857288155333,432.78089656665435,427.20277916114134,427.59979248046875,18898000,0.0,0.0
2024-09-19 00:00:00-04:00,437.9421630848395,438.21014026162374,433.64441133789575,435.42108154296875,21706600,0.0,0.0
2024-09-20 00:00:00-04:00,433.962001220441,435.9669380311288,430.9843560989312,432.0265197753906,55167100,0.0,0.0
2024-09-23 00:00:00-04:00,431.0439144432746,433.2076626680782,427.1829169494896,430.2796630859375,15128900,0.0,0.0
2024-09-24 00:00:00-04:00,429.77343168189134,430.120829659299,422.92485418656526,425.97198486328125,17015800,0.0,0.0
2024-09-25 00:00:00-04:00,426.6270665374025,429.89255926301774,425.3764761475162,428.89007568359375,13396400,0.0,0.0
2024-09-26 00:00:00-04:00,431.847870478453,432.05629715674354,425.93229062231114,428.0960388183594,14492000,0.0,0.0
2024-09-27 00:00:00-04:00,428.3044858973661,428.6320438404545,424.2846768880014,424.83056640625,14896100,0.0,0.0
2024-09-30 00:00:00-04:00,425.01914436125503,427.21269814697155,422.20031052363777,427.09356689453125,16807300,0.0,0.0
2024-10-01 00:00:00-04:00,425.25736081760834,425.28713605707173,415.6891800010871,417.55517578125,19092900,0.0,0.0
2024-10-02 00:00:00-04:00,419.4310992466512,419.66933146547984,413.6048448503053,414.021728515625,16582300,0.0,0.0
2024-10-03 00:00:00-04:00,414.5180314477273,416.4237075893507,411.2029231201695,413.4361572265625,13686400,0.0,0.0
2024-10-04 00:00:00-04:00,415.12343452898295,416.62219231091404,411.87781215445386,412.9596862792969,19169700,0.0,0.0
2024-10-07 00:00:00-04:00,412.9001664479973,414.0018807182257,405.9523271087282,406.4883117675781,20919800,0.0,0.0
2024-10-08 00:00:00-04:00,407.83817411820297,412.5627146887399,405.12853608877566,411.6197814941406,19229300,0.0,0.0
2024-10-09 00:00:00-04:00,412.7611596791307,417.247497795826,411.2127866111198,414.3492431640625,14974300,0.0,0.0
2024-10-10 00:00:00-04:00,412.1358625356339,414.24006019253727,410.0713450038319,412.7413024902344,13848400,0.0,0.0
2024-10-11 00:00:00-04:00,413.039091483719,414.0217046730069,410.1706121672714,413.2177429199219,14144900,0.0,0.0
2024-10-14 00:00:00-04:00,414.65690697024394,420.88020441582967,414.40876988651684,416.0167236328125,16653100,0.0,0.0
2024-10-15 00:00:00-04:00,419.03405871782695,419.3318413994773,412.16564103956983,415.61968994140625,18900200,0.0,0.0
2024-10-16 00:00:00-04:00,412.0763232895253,413.25742799200697,407.4212689749873,413.01922607421875,15508900,0.0,0.0
2024-10-17 00:00:00-04:00,419.2127339196968,419.35170523704693,412.49319205621896,413.6147766113281,14820000,0.0,0.0
2024-10-18 00:00:00-04:00,414.0316484156336,416.52292426802023,413.1582009892299,415.0440368652344,17145300,0.0,0.0
2024-10-21 00:00:00-04:00,413.019271734373,415.8381058037946,410.6669366656409,415.6594543457031,14206100,0.0,0.0
2024-10-22 00:00:00-04:00,415.37159535996557,427.37150260733677,414.92496672704124,424.32440185546875,25482200,0.0,0.0
2024-10-23 00:00:00-04:00,427.6493981928425,427.86776005710016,419.3814831724278,421.4360656738281,19654400,0.0,0.0
2024-10-24 00:00:00-04:00,422.1605988036373,422.80577949754775,419.2524392532927,421.5650939941406,13581600,0.0,0.0
2024-10-25 00:00:00-04:00,423.5799681906594,429.29702642206786,423.3913815699701,424.9595947265625,16899100,0.0,0.0
2024-10-28 00:00:00-04:00,428.44345209470936,428.72136443906953,423.12337684387694,423.4112243652344,14882400,0.0,0.0
2024-10-29 00:00:00-04:00,424.81074467410167,429.94223358580945,422.62712592652906,428.7313232421875,17644100,0.0,0.0
2024-10-30 00:00:00-04:00,434.18039280239805,435.2324917274877,428.880187758029,429.3069763183594,29749100,0.0,0.0
2024-10-31 00:00:00-04:00,412.2648925685448,413.05894946974416,403.2724064074055,403.3220520019531,53971000,0.0,0.0
2024-11-01 00:00:00-04:00,405.9622215000355,412.40385077597955,404.4634637574288,407.31207275390625,24230400,0.0,0.0
2024-11-04 00:00:00-05:00,406.7463014364753,407.3617068567998,402.54784130454914,405.4162902832031,19672300,0.0,0.0
2024-11-05 00:00:00-05:00,405.32701081903,411.808351068097,405.0391632836315,408.39398193359375,17626000,0.0,0.0
2024-11-06 00:00:00-05:00,409.3468556567166,417.3170187046076,407.46098932083436,417.04901123046875,26681800,0.0,0.0
2024-11-07 00:00:00-05:00,418.14078738908074,423.66928922885575,416.75122569160607,422.2598571777344,19901800,0.0,0.0
2024-11-08 00:00:00-05:00,422.15070185689933,423.3219017245024,418.6370719639162,419.39141845703125,16891400,0.0,0.0
2024-11-11 00:00:00-05:00,419.37154486777723,421.6444892164841,412.90014011467326,414.8951721191406,24503300,0.0,0.0
2024-11-12 00:00:00-05:00,415.1333664626366,421.27724345465793,414.09120276331856,419.87774658203125,19401200,0.0,0.0
2024-11-13 00:00:00-05:00,418.4981461257373,426.1308158963339,415.09368189625457,422.0316162109375,21502200,0.0,0.0
2024-11-14 00:00:00-05:00,421.83308381585454,424.9794756745813,416.87034165331505,423.7090148925781,30246900,0.0,0.0
2024-11-15 00:00:00-05:00,416.69168340974903,419.64945830467593,410.5577414665236,411.9075927734375,28247600,0.0,0.0
2024-11-18 00:00:00-05:00,411.778543667536,415.282238255226,409.0291955453545,412.66192626953125,24727000,0.0,0.0
2024-11-19 00:00:00-05:00,410.03166915459735,414.82569505476647,408.48329602030253,414.67681884765625,18133500,0.0,0.0
2024-11-20 00:00:00-05:00,413.76364252316546,414.18052617467214,407.52050466835993,412.3939208984375,19191700,0.0,0.0
2024-11-21 00:00:00-05:00,417.2074811714516,417.48594978990576,408.047821251109,410.61370849609375,20780200,0.83,0.0
2024-11-22 00:00:00-05:00,409.1219230929671,415.11896888171356,408.81361962204943,414.7211608886719,24814600,0.0,0.0
2024-11-25 00:00:00-05:00,416.09361024787086,418.778836873561,412.58290247238904,416.5013732910156,27691100,0.0,0.0
2024-11-26 00:00:00-05:00,417.29700327286355,426.69537265560376,416.5610569682543,425.6510925292969,23458900,0.0,0.0
2024-11-27 00:00:00-05:00,422.78684605590655,424.895286183322,419.7137359172663,420.6784362792969,18332400,0.0,0.0
2024-11-29 00:00:00-05:00,417.7942649272981,422.55809676444443,415.51677094971404,421.1458435058594,16271900,0.0,0.0
2024-12-02 00:00:00-05:00,419.2662066130162,430.63373653101576,419.00761775180223,428.6247863769531,20207200,0.0,0.0
2024-12-03 00:00:00-05:00,427.4909833141871,430.1066156030698,425.40245343840513,428.84356689453125,18302000,0.0,0.0
2024-12-04 00:00:00-05:00,430.6635477279166,437.2672755840065,430.26573974460115,435.0295715332031,26009400,0.0,0.0
2024-12-05 00:00:00-05:00,435.5268141893356,442.22997089475297,433.7863778049247,440.20111083984375,21697800,0.0,0.0
2024-12-06 00:00:00-05:00,439.88285607578405,443.6621076103015,439.3557536946216,441.14593505859375,18821000,0.0,0.0
2024-12-09 00:00:00-05:00,440.18122659952354,445.8798931073043,438.09269688925554,443.58251953125,19144400,0.0,0.0
2024-12-10 00:00:00-05:00,441.96149226752044,447.16289170564096,439.1867306857862,440.9072570800781,18469500,0.0,0.0
2024-12-11 00:00:00-05:00,441.62334015579273,447.8889300799693,441.62334015579273,446.5363464355469,19200200,0.0,0.0
2024-12-12 00:00:00-05:00,446.65565750056305,453.66714837494953,446.65565750056305,447.10321044921875,20834800,0.0,0.0
2024-12-13 00:00:00-05:00,445.98933356109154,448.9629838704377,443.14494732322726,444.8257141113281,20177800,0.0,0.0
2024-12-16 00:00:00-05:00,444.82573215231423,449.7089034526842,442.8466168869823,449.12213134765625,23598800,0.0,0.0
2024-12-17 00:00:00-05:00,448.5453123373024,452.80192160914675,447.1131792784758,451.9764404296875,22733500,0.0,0.0
2024-12-18 00:00:00-05:00,448.8536235978926,450.17634202962637,434.6317523490202,434.999755859375,24444500,0.0,0.0
2024-12-19 00:00:00-05:00,439.2066057877418,440.7580781855559,433.9355816606558,434.6416931152344,22963700,0.0,0.0
2024-12-20 00:00:00-05:00,430.74310199904505,441.31501544447383,426.28760397482347,434.21405029296875,64263700,0.0,0.0
2024-12-23 00:00:00-05:00,434.35327712310794,435.25830776300677,430.4646409959487,432.8714294433594,19152500,0.0,0.0
2024-12-24 00:00:00-05:00,432.27469051669533,437.1976515770788,431.817212852652,436.9291076660156,7164500,0.0,0.0
2024-12-26 00:00:00-05:00,436.6804901261448,438.5303413291557,434.24389716434194,435.7157897949219,8194200,0.0,0.0
2024-12-27 00:00:00-05:00,432.22498090820386,432.8415878431465,424.020065946368,428.1772155761719,18117700,0.0,0.0
2024-12-30 00:00:00-05:00,423.7316203926744,425.21346797282456,419.5943507529856,422.5083312988281,13158700,0.0,0.0
